Entity,Code,Year,"Crude marriage rate (per 1,000 inhabitants)"
Albania,ALB,1960,7.8
Albania,ALB,1961,11.3
Albania,ALB,1962,7.5
Albania,ALB,1963,7.5
Albania,ALB,1964,7.2
Albania,ALB,1965,7.5
Albania,ALB,1966,6.8
Albania,ALB,1967,8.6
Albania,ALB,1968,7.8
Albania,ALB,1969,7.4
Albania,ALB,1970,6.8
Albania,ALB,1971,7
Albania,ALB,1972,7.2
Albania,ALB,1973,8
Albania,ALB,1975,7.8
Albania,ALB,1976,7.6
Albania,ALB,1977,7.9
Albania,ALB,1978,8
Albania,ALB,1979,8.2
Albania,ALB,1980,8.1
Albania,ALB,1981,8.5
Albania,ALB,1982,9
Albania,ALB,1983,9
Albania,ALB,1984,9.1
Albania,ALB,1985,8.5
Albania,ALB,1986,8.5
Albania,ALB,1987,8.9
Albania,ALB,1988,9
Albania,ALB,1989,8.6
Albania,ALB,1990,8.9
Albania,ALB,1991,7.7
Albania,ALB,1992,8.3
Albania,ALB,1993,8.1
Albania,ALB,1994,8.6
Albania,ALB,1995,8.3
Albania,ALB,1996,8.4
Albania,ALB,1997,7.2
Albania,ALB,1998,8.3
Albania,ALB,1999,8.5
Albania,ALB,2000,8.4
Albania,ALB,2001,8.4
Albania,ALB,2002,8.5
Albania,ALB,2003,8.8
Albania,ALB,2004,6.7
Albania,ALB,2005,6.9
Albania,ALB,2006,6.8
Albania,ALB,2007,7.1
Albania,ALB,2008,6.7
Albania,ALB,2013,8.2
Albania,ALB,2014,8.2
Albania,ALB,2015,8.7
Albania,ALB,2016,7.8
Albania,ALB,2017,7.9
Algeria,DZA,1967,4.699999809
Algeria,DZA,1985,5.599999905
Algeria,DZA,1995,5.5
Algeria,DZA,2005,8.5
Algeria,DZA,2007,9.600000381
American Samoa,ASM,1970,11.30000019
American Samoa,ASM,1985,10.19999981
American Samoa,ASM,1993,6.199999809
American Samoa,ASM,2005,3.099999905
American Samoa,ASM,2006,2.599999905
Andorra,AND,1976,5.099999905
Andorra,AND,1985,2.599999905
Andorra,AND,1996,1.899999976
Andorra,AND,2004,2.9
Andorra,AND,2005,2.9
Andorra,AND,2006,3.7
Andorra,AND,2007,3.1
Andorra,AND,2008,3.1
Andorra,AND,2009,3.1
Andorra,AND,2012,3.7
Angola,AGO,1970,4.300000191
Anguilla,AIA,1985,13.69999981
Anguilla,AIA,1995,19.70000076
Anguilla,AIA,2005,6.5
Anguilla,AIA,2006,5.5
Antigua and Barbuda,ATG,1971,4.599999905
Antigua and Barbuda,ATG,1985,4.099999905
Antigua and Barbuda,ATG,1995,21
Argentina,ARG,1970,7.5
Argentina,ARG,1983,6.300000191
Argentina,ARG,1995,4.300000191
Argentina,ARG,2005,3.400000095
Argentina,ARG,2006,3.400000095
Argentina,ARG,2010,3
Argentina,ARG,2011,3.1
Argentina,ARG,2012,3.2
Argentina,ARG,2013,2.9
Argentina,ARG,2014,2.8
Argentina,ARG,2015,2.8
Argentina,ARG,2016,2.7
Armenia,ARM,1970,7.300000191
Armenia,ARM,1985,9.899999619
Armenia,ARM,1995,4.199999809
Armenia,ARM,2004,5.3
Armenia,ARM,2005,5.2
Armenia,ARM,2006,5.2
Armenia,ARM,2007,5.6
Armenia,ARM,2008,5.7
Armenia,ARM,2009,5.8
Armenia,ARM,2010,5.2
Armenia,ARM,2011,6
Armenia,ARM,2015,5.9
Armenia,ARM,2016,5.4
Armenia,ARM,2017,5.1
Aruba,ABW,1974,8.300000191
Aruba,ABW,1985,7
Aruba,ABW,1995,7.400000095
Aruba,ABW,2005,5.699999809
Aruba,ABW,2006,5.300000191
Australia,AUS,1970,9.3
Australia,AUS,1980,7.4
Australia,AUS,1981,7.6
Australia,AUS,1982,7.7
Australia,AUS,1983,7.5
Australia,AUS,1984,7
Australia,AUS,1985,7.3
Australia,AUS,1986,7.2
Australia,AUS,1987,7
Australia,AUS,1988,7.1
Australia,AUS,1989,7
Australia,AUS,1990,6.9
Australia,AUS,1991,6.6
Australia,AUS,1992,6.6
Australia,AUS,1993,6.4
Australia,AUS,1994,6.2
Australia,AUS,1995,6.1
Australia,AUS,1996,5.8
Australia,AUS,1997,5.8
Australia,AUS,1998,5.9
Australia,AUS,1999,6
Australia,AUS,2000,5.9
Australia,AUS,2001,5.3
Australia,AUS,2002,5.4
Australia,AUS,2003,5.3
Australia,AUS,2004,5.5
Australia,AUS,2005,5.4
Australia,AUS,2006,5.5
Australia,AUS,2007,5.5
Australia,AUS,2008,5.5
Australia,AUS,2009,5.5
Australia,AUS,2010,5.4
Australia,AUS,2011,5.4
Australia,AUS,2012,5.4
Australia,AUS,2013,5.1
Australia,AUS,2014,5.2
Australia,AUS,2015,4.8
Australia,AUS,2016,4.9
Australia,AUS,2017,4.6
Austria,AUT,1960,8.3
Austria,AUT,1961,8.5
Austria,AUT,1962,8.4
Austria,AUT,1963,8.1
Austria,AUT,1964,8
Austria,AUT,1965,7.8
Austria,AUT,1966,7.6
Austria,AUT,1967,7.6
Austria,AUT,1968,7.6
Austria,AUT,1969,7.3
Austria,AUT,1970,7.1
Austria,AUT,1971,6.4
Austria,AUT,1972,7.6
Austria,AUT,1973,6.5
Austria,AUT,1974,6.5
Austria,AUT,1975,6.1
Austria,AUT,1976,6
Austria,AUT,1977,6
Austria,AUT,1978,5.9
Austria,AUT,1979,6
Austria,AUT,1980,6.2
Austria,AUT,1981,6.3
Austria,AUT,1982,6.3
Austria,AUT,1983,7.4
Austria,AUT,1984,6.1
Austria,AUT,1985,5.9
Austria,AUT,1986,6.1
Austria,AUT,1987,10.1
Austria,AUT,1988,4.7
Austria,AUT,1989,5.6
Austria,AUT,1990,5.9
Austria,AUT,1991,5.7
Austria,AUT,1992,5.8
Austria,AUT,1993,5.7
Austria,AUT,1994,5.5
Austria,AUT,1995,5.4
Austria,AUT,1996,5.3
Austria,AUT,1997,5.2
Austria,AUT,1998,4.9
Austria,AUT,1999,4.9
Austria,AUT,2000,4.9
Austria,AUT,2001,4.3
Austria,AUT,2002,4.5
Austria,AUT,2003,4.6
Austria,AUT,2004,4.7
Austria,AUT,2005,4.8
Austria,AUT,2006,4.5
Austria,AUT,2007,4.3
Austria,AUT,2008,4.2
Austria,AUT,2009,4.3
Austria,AUT,2010,4.5
Austria,AUT,2011,4.3
Austria,AUT,2012,4.6
Austria,AUT,2013,4.3
Austria,AUT,2014,4.4
Austria,AUT,2015,5.1
Austria,AUT,2016,5.1
Austria,AUT,2017,5.1
Azerbaijan,AZE,1970,6.800000191
Azerbaijan,AZE,1985,10.5
Azerbaijan,AZE,1995,5.599999905
Azerbaijan,AZE,2004,7.5
Azerbaijan,AZE,2005,8.5
Azerbaijan,AZE,2006,9.4
Azerbaijan,AZE,2007,9.5
Azerbaijan,AZE,2008,9.1
Azerbaijan,AZE,2009,8.7
Azerbaijan,AZE,2010,8.7
Azerbaijan,AZE,2011,9.6
Azerbaijan,AZE,2012,8.5
Azerbaijan,AZE,2013,9.2
Azerbaijan,AZE,2014,8.9
Azerbaijan,AZE,2015,7.1
Azerbaijan,AZE,2016,6.8
Azerbaijan,AZE,2017,6.4
Bahamas,BHS,1970,8.199999809
Bahamas,BHS,1985,8.5
Bahamas,BHS,1995,9
Bahamas,BHS,2005,5.300000191
Bahamas,BHS,2006,7.900000095
Bahrain,BHR,1976,4.400000095
Bahrain,BHR,1985,6.400000095
Bahrain,BHR,1995,5.699999809
Bahrain,BHR,2005,6.400000095
Bahrain,BHR,2006,6.400000095
Bangladesh,BGD,1980,9.100000381
Bangladesh,BGD,1985,10
Bangladesh,BGD,1995,10.5
Bangladesh,BGD,2005,13
Bangladesh,BGD,2006,12.5
Barbados,BRB,1970,4.599999905
Barbados,BRB,1985,4.699999809
Barbados,BRB,1995,13.5
Barbados,BRB,2000,14.10000038
Belarus,BLR,1970,9.300000191
Belarus,BLR,1985,9.899999619
Belarus,BLR,1995,7.599999905
Belarus,BLR,2004,6.1
Belarus,BLR,2005,7.5
Belarus,BLR,2006,8.1
Belarus,BLR,2007,9.3
Belarus,BLR,2008,8
Belarus,BLR,2009,8.2
Belarus,BLR,2010,8.1
Belarus,BLR,2011,9.2
Belarus,BLR,2012,8.1
Belarus,BLR,2013,9.2
Belarus,BLR,2014,8.9
Belarus,BLR,2015,8.6
Belarus,BLR,2016,6.8
Belarus,BLR,2017,7
Belgium,BEL,1960,7.1
Belgium,BEL,1961,6.8
Belgium,BEL,1962,6.7
Belgium,BEL,1963,6.7
Belgium,BEL,1964,6.9
Belgium,BEL,1965,7
Belgium,BEL,1966,7.2
Belgium,BEL,1967,7.1
Belgium,BEL,1968,7.2
Belgium,BEL,1969,7.5
Belgium,BEL,1970,7.6
Belgium,BEL,1971,7.6
Belgium,BEL,1972,7.7
Belgium,BEL,1973,7.6
Belgium,BEL,1974,7.5
Belgium,BEL,1975,7.3
Belgium,BEL,1976,7.2
Belgium,BEL,1977,7
Belgium,BEL,1978,6.8
Belgium,BEL,1979,6.6
Belgium,BEL,1980,6.7
Belgium,BEL,1981,6.5
Belgium,BEL,1982,6.3
Belgium,BEL,1983,6.1
Belgium,BEL,1984,6
Belgium,BEL,1985,5.8
Belgium,BEL,1986,5.8
Belgium,BEL,1987,5.7
Belgium,BEL,1988,6
Belgium,BEL,1989,6.4
Belgium,BEL,1990,6.5
Belgium,BEL,1991,6.1
Belgium,BEL,1992,5.8
Belgium,BEL,1993,5.4
Belgium,BEL,1994,5.1
Belgium,BEL,1995,5.1
Belgium,BEL,1996,5
Belgium,BEL,1997,4.7
Belgium,BEL,1998,4.4
Belgium,BEL,1999,4.3
Belgium,BEL,2000,4.4
Belgium,BEL,2001,4.1
Belgium,BEL,2002,3.9
Belgium,BEL,2003,4
Belgium,BEL,2004,4.2
Belgium,BEL,2005,4.1
Belgium,BEL,2006,4.2
Belgium,BEL,2007,4.3
Belgium,BEL,2008,4.3
Belgium,BEL,2009,4
Belgium,BEL,2010,3.9
Belgium,BEL,2011,3.7
Belgium,BEL,2012,3.8
Belgium,BEL,2013,3.4
Belgium,BEL,2014,3.6
Belgium,BEL,2015,4
Belgium,BEL,2016,3.9
Belgium,BEL,2017,3.9
Belize,BLZ,1970,6.099999905
Belize,BLZ,1985,6.099999905
Belize,BLZ,1995,6.300000191
Belize,BLZ,2001,6.199999809
Belize,BLZ,2002,6.300000191
Bermuda,BMU,1970,9.399999619
Bermuda,BMU,1985,12.19999981
Bermuda,BMU,1995,16.39999962
Bermuda,BMU,2005,12.89999962
Bermuda,BMU,2006,13.69999981
Bolivia,BOL,1970,4.199999809
Bolivia,BOL,1980,5
Bolivia,BOL,1995,2.900000095
Bolivia,BOL,2005,2.400000095
Bolivia,BOL,2006,2.200000048
Bosnia and Herzegovina,BIH,1960,10.1
Bosnia and Herzegovina,BIH,1961,9.7
Bosnia and Herzegovina,BIH,1962,9.1
Bosnia and Herzegovina,BIH,1963,8.6
Bosnia and Herzegovina,BIH,1964,8.9
Bosnia and Herzegovina,BIH,1965,9.3
Bosnia and Herzegovina,BIH,1966,8.7
Bosnia and Herzegovina,BIH,1967,8.3
Bosnia and Herzegovina,BIH,1968,8.2
Bosnia and Herzegovina,BIH,1969,8.6
Bosnia and Herzegovina,BIH,1970,9.3
Bosnia and Herzegovina,BIH,1971,9.4
Bosnia and Herzegovina,BIH,1972,9.1
Bosnia and Herzegovina,BIH,1973,8.8
Bosnia and Herzegovina,BIH,1974,8.9
Bosnia and Herzegovina,BIH,1975,9
Bosnia and Herzegovina,BIH,1976,8.4
Bosnia and Herzegovina,BIH,1977,8.6
Bosnia and Herzegovina,BIH,1978,8.5
Bosnia and Herzegovina,BIH,1979,8.5
Bosnia and Herzegovina,BIH,1980,8.5
Bosnia and Herzegovina,BIH,1981,8.9
Bosnia and Herzegovina,BIH,1982,8.7
Bosnia and Herzegovina,BIH,1983,8.8
Bosnia and Herzegovina,BIH,1984,8.4
Bosnia and Herzegovina,BIH,1985,8.1
Bosnia and Herzegovina,BIH,1986,7.9
Bosnia and Herzegovina,BIH,1987,7.8
Bosnia and Herzegovina,BIH,1988,7.8
Bosnia and Herzegovina,BIH,1989,7.7
Bosnia and Herzegovina,BIH,1990,6.7
Bosnia and Herzegovina,BIH,1991,6.3
Bosnia and Herzegovina,BIH,1996,5.800000191
Bosnia and Herzegovina,BIH,1997,6.4
Bosnia and Herzegovina,BIH,1998,6.2
Bosnia and Herzegovina,BIH,1999,6
Bosnia and Herzegovina,BIH,2000,5.6
Bosnia and Herzegovina,BIH,2002,5.3
Bosnia and Herzegovina,BIH,2003,5.4
Bosnia and Herzegovina,BIH,2004,5.6
Bosnia and Herzegovina,BIH,2005,5.6
Bosnia and Herzegovina,BIH,2006,5.6
Bosnia and Herzegovina,BIH,2007,6.1
Bosnia and Herzegovina,BIH,2008,5.8
Bosnia and Herzegovina,BIH,2009,5.4
Bosnia and Herzegovina,BIH,2010,5.1
Bosnia and Herzegovina,BIH,2012,4.8
Botswana,BWA,1984,3.099999905
Brazil,BRA,1970,1.200000048
Brazil,BRA,1985,7
Brazil,BRA,2004,4.400000095
Brazil,BRA,2005,4.5
Brazil,BRA,2006,4.699999809
British Virgin Islands,VGB,1970,7.699999809
British Virgin Islands,VGB,1985,13
British Virgin Islands,VGB,1997,18
British Virgin Islands,VGB,2003,22.29999924
British Virgin Islands,VGB,2004,19.60000038
Brunei,BRN,1970,4.599999905
Brunei,BRN,1985,8.5
Brunei,BRN,1995,6.099999905
Brunei,BRN,2003,6.300000191
Brunei,BRN,2004,5.5
Bulgaria,BGR,1960,8.8
Bulgaria,BGR,1961,8.4
Bulgaria,BGR,1962,8.1
Bulgaria,BGR,1963,8.2
Bulgaria,BGR,1964,8.1
Bulgaria,BGR,1965,8
Bulgaria,BGR,1966,8.2
Bulgaria,BGR,1967,8.7
Bulgaria,BGR,1968,8.9
Bulgaria,BGR,1969,8.7
Bulgaria,BGR,1970,8.6
Bulgaria,BGR,1971,8.2
Bulgaria,BGR,1972,8.2
Bulgaria,BGR,1973,8.6
Bulgaria,BGR,1974,8.5
Bulgaria,BGR,1975,8.6
Bulgaria,BGR,1976,8.4
Bulgaria,BGR,1977,8.5
Bulgaria,BGR,1978,8.1
Bulgaria,BGR,1979,7.9
Bulgaria,BGR,1980,7.9
Bulgaria,BGR,1981,7.5
Bulgaria,BGR,1982,7.5
Bulgaria,BGR,1983,7.5
Bulgaria,BGR,1984,7.3
Bulgaria,BGR,1985,7.4
Bulgaria,BGR,1986,7.3
Bulgaria,BGR,1987,7.2
Bulgaria,BGR,1988,7
Bulgaria,BGR,1989,7.1
Bulgaria,BGR,1990,6.9
Bulgaria,BGR,1991,5.7
Bulgaria,BGR,1992,5.2
Bulgaria,BGR,1993,4.7
Bulgaria,BGR,1994,4.5
Bulgaria,BGR,1995,4.4
Bulgaria,BGR,1996,4.3
Bulgaria,BGR,1997,4.2
Bulgaria,BGR,1998,4.3
Bulgaria,BGR,1999,4.1
Bulgaria,BGR,2000,4.3
Bulgaria,BGR,2001,4
Bulgaria,BGR,2002,3.7
Bulgaria,BGR,2003,3.9
Bulgaria,BGR,2004,4
Bulgaria,BGR,2005,4.4
Bulgaria,BGR,2006,4.3
Bulgaria,BGR,2007,3.9
Bulgaria,BGR,2008,3.7
Bulgaria,BGR,2009,3.5
Bulgaria,BGR,2010,3.3
Bulgaria,BGR,2011,2.9
Bulgaria,BGR,2012,2.9
Bulgaria,BGR,2013,3
Bulgaria,BGR,2014,3.4
Bulgaria,BGR,2015,3.9
Bulgaria,BGR,2016,3.8
Bulgaria,BGR,2017,4
Canada,CAN,1960,7.3
Canada,CAN,1961,7
Canada,CAN,1962,7
Canada,CAN,1963,6.9
Canada,CAN,1964,7.2
Canada,CAN,1965,7.4
Canada,CAN,1966,7.8
Canada,CAN,1967,8.1
Canada,CAN,1968,8.3
Canada,CAN,1969,8.7
Canada,CAN,1970,8.8
Canada,CAN,1971,8.9
Canada,CAN,1972,9.2
Canada,CAN,1973,9
Canada,CAN,1974,8.9
Canada,CAN,1975,8.7
Canada,CAN,1976,8.4
Canada,CAN,1977,8
Canada,CAN,1978,7.9
Canada,CAN,1979,7.8
Canada,CAN,1980,7.8
Canada,CAN,1981,7.7
Canada,CAN,1982,7.5
Canada,CAN,1983,7.3
Canada,CAN,1984,7.2
Canada,CAN,1985,7.1
Canada,CAN,1986,6.7
Canada,CAN,1987,6.9
Canada,CAN,1988,7
Canada,CAN,1989,7
Canada,CAN,1990,6.8
Canada,CAN,1991,6.1
Canada,CAN,1992,5.8
Canada,CAN,1993,5.6
Canada,CAN,1994,5.5
Canada,CAN,1995,5.5
Canada,CAN,1996,5.3
Canada,CAN,1997,5.1
Canada,CAN,1998,5.1
Canada,CAN,1999,5.1
Canada,CAN,2000,5.1
Canada,CAN,2001,4.7
Canada,CAN,2002,4.7
Canada,CAN,2003,4.7
Canada,CAN,2004,4.6
Canada,CAN,2005,4.6
Canada,CAN,2006,4.6
Canada,CAN,2007,4.5
Canada,CAN,2008,4.4
Cape Verde,CPV,1970,3.599999905
Cape Verde,CPV,1980,6
Cape Verde,CPV,1992,3.599999905
Cape Verde,CPV,1994,3.099999905
Cayman Islands,CYM,1970,8.399999619
Cayman Islands,CYM,1985,8.399999619
Cayman Islands,CYM,1995,8.899999619
Cayman Islands,CYM,2005,8.600000381
Cayman Islands,CYM,2006,10.19999981
Channel Islands,OWID_CIS,1970,9.399999619
Channel Islands,OWID_CIS,1985,7.300000191
Channel Islands,OWID_CIS,1995,6.300000191
Channel Islands,OWID_CIS,1999,8.399999619
Channel Islands,OWID_CIS,2000,7.800000191
Chile,CHL,1970,8.1
Chile,CHL,1985,7.5
Chile,CHL,1992,6.6
Chile,CHL,1993,6.7
Chile,CHL,1994,6.5
Chile,CHL,1995,6.1
Chile,CHL,1996,5.8
Chile,CHL,1997,5.3
Chile,CHL,1998,5
Chile,CHL,1999,4.6
Chile,CHL,2000,4.4
Chile,CHL,2001,4.1
Chile,CHL,2002,3.9
Chile,CHL,2003,3.6
Chile,CHL,2004,3.3
Chile,CHL,2005,3.3
Chile,CHL,2006,3.5
Chile,CHL,2007,3.5
Chile,CHL,2008,3.3
Chile,CHL,2009,3.3
Chile,CHL,2010,3.5
Chile,CHL,2011,3.8
Chile,CHL,2012,3.7
Chile,CHL,2013,3.5
Chile,CHL,2014,3.6
Chile,CHL,2015,3.4
Chile,CHL,2016,3.4
China,CHN,1978,6.099999905
China,CHN,1985,7.800000191
China,CHN,1995,7.699999809
China,CHN,2005,6.300000191
China,CHN,2006,7.199999809
China,CHN,2010,9.3
China,CHN,2011,9.3
China,CHN,2012,9.6
Colombia,COL,1970,2.400000095
Colombia,COL,1986,2.200000048
Comoros,COM,1964,8.399999619
Cook Islands,COK,1971,6
Cook Islands,COK,1985,6.400000095
Cook Islands,COK,1995,13
Cook Islands,COK,2005,37.40000153
Cook Islands,COK,2007,59
Costa Rica,CRI,1960,7.2
Costa Rica,CRI,1961,6.7
Costa Rica,CRI,1962,5.8
Costa Rica,CRI,1963,5.8
Costa Rica,CRI,1964,5.5
Costa Rica,CRI,1965,5.7
Costa Rica,CRI,1966,5.6
Costa Rica,CRI,1967,5.5
Costa Rica,CRI,1968,5.8
Costa Rica,CRI,1969,5.8
Costa Rica,CRI,1970,6.3
Costa Rica,CRI,1971,6.3
Costa Rica,CRI,1972,7
Costa Rica,CRI,1973,6.8
Costa Rica,CRI,1974,7.3
Costa Rica,CRI,1975,7.3
Costa Rica,CRI,1976,7.2
Costa Rica,CRI,1977,7.3
Costa Rica,CRI,1978,7.6
Costa Rica,CRI,1979,7.6
Costa Rica,CRI,1980,7.6
Costa Rica,CRI,1981,7
Costa Rica,CRI,1982,7.6
Costa Rica,CRI,1983,7.7
Costa Rica,CRI,1984,7.9
Costa Rica,CRI,1985,8
Costa Rica,CRI,1986,7.7
Costa Rica,CRI,1987,7.8
Costa Rica,CRI,1988,8
Costa Rica,CRI,1989,7.8
Costa Rica,CRI,1990,7.5
Costa Rica,CRI,1991,7.2
Costa Rica,CRI,1992,6.6
Costa Rica,CRI,1993,6.3
Costa Rica,CRI,1994,6.5
Costa Rica,CRI,1995,7.1
Costa Rica,CRI,1996,6.7
Costa Rica,CRI,1997,6.7
Costa Rica,CRI,1998,6.7
Costa Rica,CRI,1999,6.8
Costa Rica,CRI,2000,6.3
Costa Rica,CRI,2001,6
Costa Rica,CRI,2002,5.9
Costa Rica,CRI,2003,6
Costa Rica,CRI,2004,6.1
Costa Rica,CRI,2005,6.1
Costa Rica,CRI,2006,6.2
Costa Rica,CRI,2007,6
Costa Rica,CRI,2008,5.7
Costa Rica,CRI,2009,5.4
Costa Rica,CRI,2010,5.3
Costa Rica,CRI,2011,5.4
Costa Rica,CRI,2012,5.6
Costa Rica,CRI,2013,5.5
Costa Rica,CRI,2014,5.4
Costa Rica,CRI,2015,5.5
Costa Rica,CRI,2016,5.5
Costa Rica,CRI,2017,5.2
Croatia,HRV,1960,8.9
Croatia,HRV,1961,8.8
Croatia,HRV,1962,8.6
Croatia,HRV,1963,8
Croatia,HRV,1964,8.5
Croatia,HRV,1965,9
Croatia,HRV,1966,8.6
Croatia,HRV,1967,8.3
Croatia,HRV,1968,8.1
Croatia,HRV,1969,8.1
Croatia,HRV,1970,8.5
Croatia,HRV,1971,8.5
Croatia,HRV,1972,8.5
Croatia,HRV,1973,8.3
Croatia,HRV,1974,8
Croatia,HRV,1975,8
Croatia,HRV,1976,7.7
Croatia,HRV,1977,7.8
Croatia,HRV,1978,7.8
Croatia,HRV,1979,7.4
Croatia,HRV,1980,7.2
Croatia,HRV,1981,7.3
Croatia,HRV,1982,7.2
Croatia,HRV,1983,7.1
Croatia,HRV,1984,6.9
Croatia,HRV,1985,6.6
Croatia,HRV,1986,6.5
Croatia,HRV,1987,6.6
Croatia,HRV,1988,6.2
Croatia,HRV,1989,6.1
Croatia,HRV,1990,5.8
Croatia,HRV,1991,4.6
Croatia,HRV,1992,4.8
Croatia,HRV,1993,5
Croatia,HRV,1994,5.2
Croatia,HRV,1995,5.3
Croatia,HRV,1996,5.4
Croatia,HRV,1997,5.4
Croatia,HRV,1998,5.3
Croatia,HRV,1999,5.3
Croatia,HRV,2000,4.9
Croatia,HRV,2001,5.1
Croatia,HRV,2002,5.3
Croatia,HRV,2003,5.2
Croatia,HRV,2004,5.3
Croatia,HRV,2005,5.1
Croatia,HRV,2006,5.1
Croatia,HRV,2007,5.4
Croatia,HRV,2008,5.4
Croatia,HRV,2009,5.2
Croatia,HRV,2010,5
Croatia,HRV,2011,4.7
Croatia,HRV,2012,4.8
Croatia,HRV,2013,4.5
Croatia,HRV,2014,4.6
Croatia,HRV,2015,4.7
Croatia,HRV,2016,4.9
Croatia,HRV,2017,4.9
Cuba,CUB,1970,13.39999962
Cuba,CUB,1985,8
Cuba,CUB,1995,6.400000095
Cuba,CUB,2005,4.599999905
Cuba,CUB,2006,5
Cyprus,CYP,1964,4.4
Cyprus,CYP,1965,7.6
Cyprus,CYP,1966,7.3
Cyprus,CYP,1967,8.7
Cyprus,CYP,1968,6.1
Cyprus,CYP,1969,8.6
Cyprus,CYP,1970,8.6
Cyprus,CYP,1971,9.6
Cyprus,CYP,1972,6.6
Cyprus,CYP,1973,8.8
Cyprus,CYP,1974,5.4
Cyprus,CYP,1975,11.2
Cyprus,CYP,1976,7.1
Cyprus,CYP,1977,10.1
Cyprus,CYP,1978,10
Cyprus,CYP,1979,12.6
Cyprus,CYP,1980,7.7
Cyprus,CYP,1981,11.5
Cyprus,CYP,1982,10.8
Cyprus,CYP,1983,11.7
Cyprus,CYP,1984,7.7
Cyprus,CYP,1985,10.5
Cyprus,CYP,1986,9.4
Cyprus,CYP,1987,10.8
Cyprus,CYP,1988,7
Cyprus,CYP,1989,9.9
Cyprus,CYP,1990,9.7
Cyprus,CYP,1991,10.5
Cyprus,CYP,1992,8
Cyprus,CYP,1993,9.7
Cyprus,CYP,1994,9.7
Cyprus,CYP,1995,10.2
Cyprus,CYP,1996,8.7
Cyprus,CYP,1997,10.7
Cyprus,CYP,1998,11.4
Cyprus,CYP,1999,13.2
Cyprus,CYP,2000,13.4
Cyprus,CYP,2001,15.1
Cyprus,CYP,2002,14.5
Cyprus,CYP,2003,7.7
Cyprus,CYP,2004,7.3
Cyprus,CYP,2005,8
Cyprus,CYP,2006,7
Cyprus,CYP,2007,8.3
Cyprus,CYP,2008,7.8
Cyprus,CYP,2009,7.8
Cyprus,CYP,2010,7.3
Cyprus,CYP,2011,7.3
Cyprus,CYP,2012,6.7
Cyprus,CYP,2013,6.4
Cyprus,CYP,2014,6.3
Cyprus,CYP,2015,7.2
Cyprus,CYP,2016,7.5
Cyprus,CYP,2017,6.8
Czechia,CZE,1960,7.7
Czechia,CZE,1961,7.7
Czechia,CZE,1962,8
Czechia,CZE,1963,8.3
Czechia,CZE,1964,8.3
Czechia,CZE,1965,8.4
Czechia,CZE,1966,8.6
Czechia,CZE,1967,8.9
Czechia,CZE,1968,9
Czechia,CZE,1969,9.1
Czechia,CZE,1970,9.2
Czechia,CZE,1971,9.3
Czechia,CZE,1972,9.7
Czechia,CZE,1973,10
Czechia,CZE,1974,9.8
Czechia,CZE,1975,9.7
Czechia,CZE,1976,9.4
Czechia,CZE,1977,9.1
Czechia,CZE,1978,8.8
Czechia,CZE,1979,8.2
Czechia,CZE,1980,7.6
Czechia,CZE,1981,7.5
Czechia,CZE,1982,7.5
Czechia,CZE,1983,7.8
Czechia,CZE,1984,7.9
Czechia,CZE,1985,7.8
Czechia,CZE,1986,7.9
Czechia,CZE,1987,8.1
Czechia,CZE,1988,7.9
Czechia,CZE,1989,7.8
Czechia,CZE,1990,8.8
Czechia,CZE,1991,7
Czechia,CZE,1992,7.2
Czechia,CZE,1993,6.4
Czechia,CZE,1994,5.7
Czechia,CZE,1995,5.3
Czechia,CZE,1996,5.2
Czechia,CZE,1997,5.6
Czechia,CZE,1998,5.3
Czechia,CZE,1999,5.2
Czechia,CZE,2000,5.4
Czechia,CZE,2001,5.1
Czechia,CZE,2002,5.2
Czechia,CZE,2003,4.8
Czechia,CZE,2004,5
Czechia,CZE,2005,5.1
Czechia,CZE,2006,5.2
Czechia,CZE,2007,5.5
Czechia,CZE,2008,5.1
Czechia,CZE,2009,4.6
Czechia,CZE,2010,4.5
Czechia,CZE,2011,4.3
Czechia,CZE,2012,4.3
Czechia,CZE,2013,4.1
Czechia,CZE,2014,4.3
Czechia,CZE,2015,4.6
Czechia,CZE,2016,4.8
Czechia,CZE,2017,5
Denmark,DNK,1960,7.8
Denmark,DNK,1961,7.9
Denmark,DNK,1962,8.1
Denmark,DNK,1963,8.2
Denmark,DNK,1964,8.4
Denmark,DNK,1965,8.8
Denmark,DNK,1966,8.6
Denmark,DNK,1967,8.5
Denmark,DNK,1968,8.1
Denmark,DNK,1969,8
Denmark,DNK,1970,7.4
Denmark,DNK,1971,6.6
Denmark,DNK,1972,6.2
Denmark,DNK,1973,6.1
Denmark,DNK,1974,6.6
Denmark,DNK,1975,6.3
Denmark,DNK,1976,6.1
Denmark,DNK,1977,6.3
Denmark,DNK,1978,5.6
Denmark,DNK,1979,5.4
Denmark,DNK,1980,5.2
Denmark,DNK,1981,5
Denmark,DNK,1982,4.8
Denmark,DNK,1983,5.3
Denmark,DNK,1984,5.6
Denmark,DNK,1985,5.7
Denmark,DNK,1986,6
Denmark,DNK,1987,6.1
Denmark,DNK,1988,6.3
Denmark,DNK,1989,6
Denmark,DNK,1990,6.1
Denmark,DNK,1991,6
Denmark,DNK,1992,6.2
Denmark,DNK,1993,6.1
Denmark,DNK,1994,6.8
Denmark,DNK,1995,6.6
Denmark,DNK,1996,6.8
Denmark,DNK,1997,6.5
Denmark,DNK,1998,6.5
Denmark,DNK,1999,6.7
Denmark,DNK,2000,7.2
Denmark,DNK,2001,6.8
Denmark,DNK,2002,6.9
Denmark,DNK,2003,6.5
Denmark,DNK,2004,7
Denmark,DNK,2005,6.7
Denmark,DNK,2006,6.7
Denmark,DNK,2007,6.7
Denmark,DNK,2008,6.8
Denmark,DNK,2009,6
Denmark,DNK,2010,5.6
Denmark,DNK,2011,4.9
Denmark,DNK,2012,5.1
Denmark,DNK,2013,4.9
Denmark,DNK,2014,5
Denmark,DNK,2015,5.1
Denmark,DNK,2016,5.4
Denmark,DNK,2017,5.5
Djibouti,DJI,1962,11.60000038
Djibouti,DJI,1998,4.699999809
Djibouti,DJI,1999,5.400000095
Dominica,DMA,1969,3.700000048
Dominica,DMA,1985,3.599999905
Dominica,DMA,1995,3.200000048
Dominica,DMA,1999,4.699999809
Dominican Republic,DOM,1970,4.199999809
Dominican Republic,DOM,1985,3.200000048
Dominican Republic,DOM,1993,2.900000095
Dominican Republic,DOM,2004,4.099999905
Dominican Republic,DOM,2005,4.199999809
Ecuador,ECU,1970,6
Ecuador,ECU,1985,6.199999809
Ecuador,ECU,1995,6.199999809
Ecuador,ECU,2005,5.099999905
Ecuador,ECU,2006,5.599999905
Egypt,EGY,1970,9.300000191
Egypt,EGY,1985,8.399999619
Egypt,EGY,1995,7.800000191
Egypt,EGY,2005,7.199999809
Egypt,EGY,2006,7.199999809
El Salvador,SLV,1970,3.299999952
El Salvador,SLV,1985,3.700000048
El Salvador,SLV,1995,4.5
El Salvador,SLV,2005,3.5
El Salvador,SLV,2006,3.5
Equatorial Guinea,GNQ,1966,0.800000012
Estonia,EST,1960,10
Estonia,EST,1961,9.7
Estonia,EST,1962,8.9
Estonia,EST,1963,8.7
Estonia,EST,1964,8.5
Estonia,EST,1965,8.2
Estonia,EST,1966,8.6
Estonia,EST,1967,8.8
Estonia,EST,1968,8.9
Estonia,EST,1969,9.1
Estonia,EST,1970,9.1
Estonia,EST,1971,9.1
Estonia,EST,1972,8.5
Estonia,EST,1973,8.7
Estonia,EST,1974,8.7
Estonia,EST,1975,8.7
Estonia,EST,1976,8.6
Estonia,EST,1977,8.7
Estonia,EST,1978,8.6
Estonia,EST,1979,8.7
Estonia,EST,1980,8.8
Estonia,EST,1981,8.6
Estonia,EST,1982,8.2
Estonia,EST,1983,8.6
Estonia,EST,1984,8.3
Estonia,EST,1985,8.4
Estonia,EST,1986,8.4
Estonia,EST,1987,8.7
Estonia,EST,1988,8.3
Estonia,EST,1989,8.1
Estonia,EST,1990,7.5
Estonia,EST,1991,6.6
Estonia,EST,1992,5.8
Estonia,EST,1993,5.2
Estonia,EST,1994,5
Estonia,EST,1995,4.9
Estonia,EST,1996,3.9
Estonia,EST,1997,4
Estonia,EST,1998,3.9
Estonia,EST,1999,4
Estonia,EST,2000,3.9
Estonia,EST,2001,4.1
Estonia,EST,2002,4.2
Estonia,EST,2003,4.2
Estonia,EST,2004,4.4
Estonia,EST,2005,4.5
Estonia,EST,2006,5.2
Estonia,EST,2007,5.2
Estonia,EST,2008,4.6
Estonia,EST,2009,4
Estonia,EST,2010,3.8
Estonia,EST,2011,4.1
Estonia,EST,2012,4.5
Estonia,EST,2013,4.3
Estonia,EST,2014,4.7
Estonia,EST,2015,5.2
Estonia,EST,2016,4.8
Estonia,EST,2017,4.9
Eswatini,SWZ,1964,0.899999976
Eswatini,SWZ,1986,3.299999952
Eswatini,SWZ,1988,3.200000048
Eswatini,SWZ,1989,3.700000048
Ethiopia,ETH,1999,9.300000191
European Union (28 countries),,1964,7.9
European Union (28 countries),,1965,7.8
European Union (28 countries),,1966,7.8
European Union (28 countries),,1967,7.8
European Union (28 countries),,1968,7.7
European Union (28 countries),,1969,7.8
European Union (28 countries),,1970,7.9
European Union (28 countries),,1971,7.9
European Union (28 countries),,1972,7.9
European Union (28 countries),,1973,7.8
European Union (28 countries),,1974,7.7
European Union (28 countries),,1975,7.7
European Union (28 countries),,1976,7.4
European Union (28 countries),,1977,7.3
European Union (28 countries),,1978,7.1
European Union (28 countries),,1979,7
European Union (28 countries),,1980,6.8
European Union (28 countries),,1981,6.6
European Union (28 countries),,1982,6.5
European Union (28 countries),,1983,6.4
European Union (28 countries),,1984,6.3
European Union (28 countries),,1985,6.2
European Union (28 countries),,1986,6.2
European Union (28 countries),,1987,6.3
European Union (28 countries),,1988,6.2
European Union (28 countries),,1989,6.5
European Union (28 countries),,1990,6.3
European Union (28 countries),,1991,5.9
European Union (28 countries),,1992,5.7
European Union (28 countries),,1993,5.5
European Union (28 countries),,1994,5.3
European Union (28 countries),,1997,5.2
European Union (28 countries),,1998,5.1
European Union (28 countries),,1999,5.2
European Union (28 countries),,2000,5.2
European Union (28 countries),,2001,4.9
European Union (28 countries),,2002,4.9
European Union (28 countries),,2003,4.9
European Union (28 countries),,2007,4.9
European Union (28 countries),,2008,4.8
European Union (28 countries),,2009,4.5
European Union (28 countries),,2010,4.4
European Union (28 countries),,2011,4.2
European Union (28 countries),,2013,4.1
European Union (28 countries),,2014,4.2
European Union (28 countries),,2015,4.3
European Union (28 countries),,2016,4.4
Faeroe Islands,FRO,1970,6.099999905
Faeroe Islands,FRO,1985,4.099999905
Faeroe Islands,FRO,1995,4.699999809
Faeroe Islands,FRO,2005,5.699999809
Faeroe Islands,FRO,2006,5.699999809
Falkland Islands,FLK,1970,7.300000191
Falkland Islands,FLK,1981,5.900000095
Falkland Islands,FLK,1988,8.899999619
Fiji,FJI,1970,7.800000191
Fiji,FJI,1985,9.5
Fiji,FJI,1995,9.899999619
Fiji,FJI,2003,9.100000381
Fiji,FJI,2004,8.600000381
Finland,FIN,1960,7.4
Finland,FIN,1961,7.7
Finland,FIN,1962,7.6
Finland,FIN,1963,7.4
Finland,FIN,1964,7.6
Finland,FIN,1965,7.9
Finland,FIN,1966,8.4
Finland,FIN,1967,9
Finland,FIN,1968,8.7
Finland,FIN,1969,8.8
Finland,FIN,1970,8.8
Finland,FIN,1971,8.2
Finland,FIN,1972,7.6
Finland,FIN,1973,7.5
Finland,FIN,1974,7.4
Finland,FIN,1975,6.7
Finland,FIN,1976,6.8
Finland,FIN,1977,6.5
Finland,FIN,1978,6.3
Finland,FIN,1979,6.1
Finland,FIN,1980,6.1
Finland,FIN,1981,6.3
Finland,FIN,1982,6.3
Finland,FIN,1983,6.1
Finland,FIN,1984,5.8
Finland,FIN,1985,5.3
Finland,FIN,1986,5.2
Finland,FIN,1987,5.3
Finland,FIN,1988,5.2
Finland,FIN,1989,4.9
Finland,FIN,1990,5
Finland,FIN,1991,4.9
Finland,FIN,1992,4.7
Finland,FIN,1993,4.9
Finland,FIN,1994,4.9
Finland,FIN,1995,4.6
Finland,FIN,1997,4.6
Finland,FIN,1998,4.7
Finland,FIN,1999,4.7
Finland,FIN,2000,5.1
Finland,FIN,2001,4.8
Finland,FIN,2002,5.2
Finland,FIN,2003,5
Finland,FIN,2004,5.6
Finland,FIN,2005,5.6
Finland,FIN,2006,5.4
Finland,FIN,2007,5.6
Finland,FIN,2008,5.8
Finland,FIN,2009,5.6
Finland,FIN,2010,5.6
Finland,FIN,2011,5.3
Finland,FIN,2012,5.3
Finland,FIN,2013,4.6
Finland,FIN,2014,4.5
Finland,FIN,2015,4.5
Finland,FIN,2016,4.5
Finland,FIN,2017,4.8
France,FRA,1970,7.800000191
France,FRA,1985,4.900000095
France,FRA,1994,4.4
France,FRA,1995,4.4
France,FRA,1996,4.8
France,FRA,1997,4.9
France,FRA,1998,4.6
France,FRA,1999,4.9
France,FRA,2000,5
France,FRA,2001,4.8
France,FRA,2002,4.6
France,FRA,2003,4.6
France,FRA,2004,4.5
France,FRA,2005,4.5
France,FRA,2006,4.3
France,FRA,2007,4.3
France,FRA,2008,4.1
France,FRA,2009,3.9
France,FRA,2010,3.9
France,FRA,2011,3.6
France,FRA,2012,3.7
France,FRA,2013,3.6
France,FRA,2014,3.6
France,FRA,2015,3.6
France,FRA,2016,3.5
France,FRA,2017,3.5
France (metropolitan),,1960,7
France (metropolitan),,1961,6.8
France (metropolitan),,1962,6.7
France (metropolitan),,1963,7.1
France (metropolitan),,1964,7.2
France (metropolitan),,1965,7.1
France (metropolitan),,1966,6.9
France (metropolitan),,1967,7
France (metropolitan),,1968,7.1
France (metropolitan),,1969,7.6
France (metropolitan),,1970,7.8
France (metropolitan),,1971,7.9
France (metropolitan),,1972,8.1
France (metropolitan),,1973,7.7
France (metropolitan),,1974,7.5
France (metropolitan),,1975,7.4
France (metropolitan),,1976,7.1
France (metropolitan),,1977,6.9
France (metropolitan),,1978,6.6
France (metropolitan),,1979,6.4
France (metropolitan),,1980,6.2
France (metropolitan),,1981,5.8
France (metropolitan),,1982,5.7
France (metropolitan),,1983,5.5
France (metropolitan),,1984,5.1
France (metropolitan),,1985,4.9
France (metropolitan),,1986,4.8
France (metropolitan),,1987,4.8
France (metropolitan),,1988,4.8
France (metropolitan),,1989,5
France (metropolitan),,1990,5.1
France (metropolitan),,1991,4.9
France (metropolitan),,1992,4.7
France (metropolitan),,1993,4.4
France (metropolitan),,1994,4.4
France (metropolitan),,1995,4.4
France (metropolitan),,1996,4.8
France (metropolitan),,1997,4.9
France (metropolitan),,1998,4.6
France (metropolitan),,1999,4.9
France (metropolitan),,2000,5
France (metropolitan),,2001,4.8
France (metropolitan),,2002,4.7
France (metropolitan),,2003,4.6
France (metropolitan),,2004,4.5
France (metropolitan),,2005,4.5
France (metropolitan),,2006,4.3
France (metropolitan),,2007,4.3
France (metropolitan),,2008,4.2
France (metropolitan),,2009,3.9
France (metropolitan),,2010,3.9
France (metropolitan),,2011,3.7
France (metropolitan),,2012,3.7
French Guiana,GUF,1970,5.5
French Guiana,GUF,1985,3.700000048
French Guiana,GUF,1995,4.800000191
French Guiana,GUF,2005,3
French Guiana,GUF,2006,3.099999905
French Polynesia,PYF,1971,6.400000095
French Polynesia,PYF,1985,7.400000095
French Polynesia,PYF,1995,5.699999809
French Polynesia,PYF,2005,4.199999809
French Polynesia,PYF,2006,4.400000095
Georgia,GEO,1970,7.800000191
Georgia,GEO,1985,8.399999619
Georgia,GEO,1995,4
Georgia,GEO,2004,3.4
Georgia,GEO,2005,4.1
Georgia,GEO,2006,5
Georgia,GEO,2007,5.7
Georgia,GEO,2008,7.2
Georgia,GEO,2009,7.2
Georgia,GEO,2010,7.8
Georgia,GEO,2011,6.9
Georgia,GEO,2014,7.7
Georgia,GEO,2015,7.8
Georgia,GEO,2016,6.7
Georgia,GEO,2017,6.4
Germany,DEU,1960,9.5
Germany,DEU,1961,9.5
Germany,DEU,1962,9.4
Germany,DEU,1963,8.8
Germany,DEU,1964,8.5
Germany,DEU,1965,8.2
Germany,DEU,1966,7.9
Germany,DEU,1967,7.8
Germany,DEU,1968,7.3
Germany,DEU,1969,7.3
Germany,DEU,1970,7.4
Germany,DEU,1971,7.2
Germany,DEU,1972,7
Germany,DEU,1973,6.7
Germany,DEU,1974,6.5
Germany,DEU,1975,6.7
Germany,DEU,1976,6.5
Germany,DEU,1977,6.5
Germany,DEU,1978,6
Germany,DEU,1979,6.2
Germany,DEU,1980,6.3
Germany,DEU,1981,6.2
Germany,DEU,1982,6.2
Germany,DEU,1983,6.3
Germany,DEU,1984,6.4
Germany,DEU,1985,6.4
Germany,DEU,1986,6.6
Germany,DEU,1987,6.7
Germany,DEU,1988,6.8
Germany,DEU,1989,6.7
Germany,DEU,1990,6.5
Germany,DEU,1991,5.7
Germany,DEU,1992,5.6
Germany,DEU,1993,5.5
Germany,DEU,1994,5.4
Germany,DEU,1995,5.3
Germany,DEU,1996,5.2
Germany,DEU,1997,5.2
Germany,DEU,1998,5.1
Germany,DEU,1999,5.2
Germany,DEU,2000,5.1
Germany,DEU,2001,4.7
Germany,DEU,2002,4.6
Germany,DEU,2003,4.6
Germany,DEU,2004,4.8
Germany,DEU,2005,4.7
Germany,DEU,2006,4.5
Germany,DEU,2007,4.5
Germany,DEU,2008,4.6
Germany,DEU,2009,4.6
Germany,DEU,2010,4.7
Germany,DEU,2011,4.6
Germany,DEU,2012,4.8
Germany,DEU,2013,4.6
Germany,DEU,2014,4.8
Germany,DEU,2015,4.9
Germany,DEU,2016,5
Germany,DEU,2017,4.9
Gibraltar,GIB,1970,20.29999924
Gibraltar,GIB,1985,20.20000076
Gibraltar,GIB,1995,28.20000076
Gibraltar,GIB,2005,6.300000191
Gibraltar,GIB,2006,5.599999905
Greece,GRC,1960,7
Greece,GRC,1961,8.4
Greece,GRC,1962,8.4
Greece,GRC,1963,9.2
Greece,GRC,1964,8.9
Greece,GRC,1965,9.4
Greece,GRC,1966,8.3
Greece,GRC,1967,9.4
Greece,GRC,1968,7.5
Greece,GRC,1969,8.3
Greece,GRC,1970,7.7
Greece,GRC,1971,8.3
Greece,GRC,1972,6.8
Greece,GRC,1973,8.3
Greece,GRC,1974,7.6
Greece,GRC,1975,8.5
Greece,GRC,1976,6.9
Greece,GRC,1977,8.2
Greece,GRC,1978,7.7
Greece,GRC,1979,8.3
Greece,GRC,1980,6.5
Greece,GRC,1981,7.3
Greece,GRC,1982,6.9
Greece,GRC,1983,7.2
Greece,GRC,1984,5.5
Greece,GRC,1985,6.4
Greece,GRC,1986,5.8
Greece,GRC,1987,6.6
Greece,GRC,1988,4.8
Greece,GRC,1989,6.1
Greece,GRC,1990,5.8
Greece,GRC,1991,6.4
Greece,GRC,1992,4.7
Greece,GRC,1993,5.9
Greece,GRC,1994,5.4
Greece,GRC,1995,6.1
Greece,GRC,1996,4.3
Greece,GRC,1997,5.6
Greece,GRC,1998,5.1
Greece,GRC,1999,5.6
Greece,GRC,2000,4.5
Greece,GRC,2001,5.3
Greece,GRC,2002,5.3
Greece,GRC,2003,5.5
Greece,GRC,2004,4.6
Greece,GRC,2005,5.5
Greece,GRC,2006,5.2
Greece,GRC,2007,5.5
Greece,GRC,2008,4.8
Greece,GRC,2009,5.3
Greece,GRC,2010,5.1
Greece,GRC,2011,5
Greece,GRC,2012,4.5
Greece,GRC,2013,4.7
Greece,GRC,2014,4.9
Greece,GRC,2015,5
Greece,GRC,2016,4.6
Greece,GRC,2017,4.7
Greenland,GRL,1970,4.300000191
Greenland,GRL,1985,6.5
Greenland,GRL,1996,3.700000048
Grenada,GRD,1969,3.099999905
Grenada,GRD,1979,3.299999952
Grenada,GRD,1997,5
Grenada,GRD,2000,6.099999905
Grenada,GRD,2001,5
Guadeloupe,GLP,1970,5.900000095
Guadeloupe,GLP,1985,4.699999809
Guadeloupe,GLP,1998,5.099999905
Guadeloupe,GLP,2005,4.300000191
Guadeloupe,GLP,2006,4.300000191
Guam,GUM,1970,10.30000019
Guam,GUM,1985,12.69999981
Guam,GUM,1995,10.5
Guam,GUM,2003,8
Guam,GUM,2004,9.399999619
Guatemala,GTM,1970,3.5
Guatemala,GTM,1985,5
Guatemala,GTM,1995,5
Guatemala,GTM,2005,4.099999905
Guatemala,GTM,2006,4.400000095
Guinea-Bissau,GNB,1970,0.200000003
Guinea-Bissau,GNB,1971,0.200000003
Guyana,GUY,1968,4.199999809
Guyana,GUY,2005,4.800000191
Guyana,GUY,2006,6.099999905
Honduras,HND,1970,3.599999905
Honduras,HND,1985,4.599999905
Honduras,HND,1987,2.700000048
Honduras,HND,2005,2.900000095
Honduras,HND,2007,2.599999905
Hong Kong,HKG,1970,5.199999809
Hong Kong,HKG,1985,8.300000191
Hong Kong,HKG,1995,6.300000191
Hong Kong,HKG,2005,6.300000191
Hong Kong,HKG,2006,7.300000191
Hungary,HUN,1960,8.9
Hungary,HUN,1961,8.3
Hungary,HUN,1962,8.1
Hungary,HUN,1963,8.4
Hungary,HUN,1964,8.7
Hungary,HUN,1965,8.8
Hungary,HUN,1966,9.2
Hungary,HUN,1967,9.4
Hungary,HUN,1968,9.3
Hungary,HUN,1969,9.3
Hungary,HUN,1970,9.3
Hungary,HUN,1971,9.1
Hungary,HUN,1972,9.4
Hungary,HUN,1973,9.7
Hungary,HUN,1974,9.5
Hungary,HUN,1975,9.8
Hungary,HUN,1976,9.5
Hungary,HUN,1977,9.1
Hungary,HUN,1978,8.7
Hungary,HUN,1979,8.1
Hungary,HUN,1980,7.5
Hungary,HUN,1981,7.2
Hungary,HUN,1982,7.1
Hungary,HUN,1983,7.1
Hungary,HUN,1984,7
Hungary,HUN,1985,6.9
Hungary,HUN,1986,6.8
Hungary,HUN,1987,6.2
Hungary,HUN,1988,6.2
Hungary,HUN,1989,6.4
Hungary,HUN,1990,6.4
Hungary,HUN,1991,5.9
Hungary,HUN,1992,5.5
Hungary,HUN,1993,5.2
Hungary,HUN,1994,5.2
Hungary,HUN,1995,5.2
Hungary,HUN,1996,4.7
Hungary,HUN,1997,4.6
Hungary,HUN,1998,4.4
Hungary,HUN,1999,4.4
Hungary,HUN,2000,4.7
Hungary,HUN,2001,4.3
Hungary,HUN,2002,4.5
Hungary,HUN,2003,4.5
Hungary,HUN,2004,4.3
Hungary,HUN,2005,4.4
Hungary,HUN,2006,4.4
Hungary,HUN,2007,4.1
Hungary,HUN,2008,4
Hungary,HUN,2009,3.7
Hungary,HUN,2010,3.6
Hungary,HUN,2011,3.6
Hungary,HUN,2012,3.6
Hungary,HUN,2013,3.7
Hungary,HUN,2014,3.9
Hungary,HUN,2015,4.7
Hungary,HUN,2016,5.3
Hungary,HUN,2017,5.2
Iceland,ISL,1960,7.5
Iceland,ISL,1961,7.5
Iceland,ISL,1962,7.4
Iceland,ISL,1963,7.8
Iceland,ISL,1964,8.3
Iceland,ISL,1965,8.1
Iceland,ISL,1966,7.9
Iceland,ISL,1967,8.6
Iceland,ISL,1968,8.4
Iceland,ISL,1969,8.5
Iceland,ISL,1970,7.8
Iceland,ISL,1971,7.9
Iceland,ISL,1972,8.1
Iceland,ISL,1973,8.3
Iceland,ISL,1974,8.8
Iceland,ISL,1975,7.7
Iceland,ISL,1976,7.5
Iceland,ISL,1977,7.1
Iceland,ISL,1978,7.1
Iceland,ISL,1979,6.4
Iceland,ISL,1980,5.7
Iceland,ISL,1981,5.9
Iceland,ISL,1982,5.6
Iceland,ISL,1983,5.9
Iceland,ISL,1984,5.9
Iceland,ISL,1985,5.2
Iceland,ISL,1986,5.1
Iceland,ISL,1987,4.7
Iceland,ISL,1988,5.2
Iceland,ISL,1989,4.7
Iceland,ISL,1990,4.5
Iceland,ISL,1991,4.8
Iceland,ISL,1992,4.8
Iceland,ISL,1993,4.6
Iceland,ISL,1994,4.9
Iceland,ISL,1995,4.6
Iceland,ISL,1996,5
Iceland,ISL,1997,5.5
Iceland,ISL,1998,5.6
Iceland,ISL,1999,5.6
Iceland,ISL,2000,6.3
Iceland,ISL,2001,5.2
Iceland,ISL,2002,5.6
Iceland,ISL,2003,5.1
Iceland,ISL,2004,5
Iceland,ISL,2005,5.4
Iceland,ISL,2006,5.5
Iceland,ISL,2007,5.5
Iceland,ISL,2008,5.2
Iceland,ISL,2009,4.6
Iceland,ISL,2010,4.9
Iceland,ISL,2011,4.6
Indonesia,IDN,1976,6.800000191
Indonesia,IDN,1985,6.599999905
Indonesia,IDN,1995,8.100000381
Indonesia,IDN,2002,8.300000191
Indonesia,IDN,2003,7.599999905
Iran,IRN,1970,5.900000095
Iran,IRN,1986,6.900000095
Iran,IRN,1995,7.400000095
Iran,IRN,2005,11.30000019
Iran,IRN,2006,11
Iraq,IRQ,1970,4.099999905
Iraq,IRQ,1986,8
Iraq,IRQ,1995,5.599999905
Iraq,IRQ,2000,6.800000191
Iraq,IRQ,2004,9.600000381
Ireland,IRL,1960,5.5
Ireland,IRL,1961,5.4
Ireland,IRL,1962,5.5
Ireland,IRL,1963,5.5
Ireland,IRL,1964,5.6
Ireland,IRL,1965,5.9
Ireland,IRL,1966,5.8
Ireland,IRL,1967,6.1
Ireland,IRL,1968,6.5
Ireland,IRL,1969,6.9
Ireland,IRL,1970,7
Ireland,IRL,1971,7.4
Ireland,IRL,1972,7.3
Ireland,IRL,1973,7.4
Ireland,IRL,1974,7.3
Ireland,IRL,1975,6.7
Ireland,IRL,1976,6.4
Ireland,IRL,1977,6.1
Ireland,IRL,1978,6.4
Ireland,IRL,1979,6.2
Ireland,IRL,1980,6.4
Ireland,IRL,1981,6
Ireland,IRL,1982,5.8
Ireland,IRL,1983,5.5
Ireland,IRL,1984,5.2
Ireland,IRL,1985,5.3
Ireland,IRL,1986,5.2
Ireland,IRL,1987,5.2
Ireland,IRL,1988,5.2
Ireland,IRL,1989,5.2
Ireland,IRL,1990,5.1
Ireland,IRL,1991,4.9
Ireland,IRL,1992,4.7
Ireland,IRL,1993,4.7
Ireland,IRL,1994,4.6
Ireland,IRL,1995,4.3
Ireland,IRL,1996,4.4
Ireland,IRL,1997,4.3
Ireland,IRL,1998,4.5
Ireland,IRL,1999,4.9
Ireland,IRL,2000,5
Ireland,IRL,2001,5
Ireland,IRL,2002,5.2
Ireland,IRL,2003,5.1
Ireland,IRL,2004,5.2
Ireland,IRL,2005,5.1
Ireland,IRL,2006,5.2
Ireland,IRL,2007,5.2
Ireland,IRL,2008,4.9
Ireland,IRL,2009,4.8
Ireland,IRL,2010,4.5
Ireland,IRL,2011,4.3
Ireland,IRL,2012,4.5
Ireland,IRL,2013,4.5
Ireland,IRL,2014,4.7
Ireland,IRL,2015,4.7
Ireland,IRL,2016,4.8
Ireland,IRL,2017,4.6
Isle of Man,IMN,1970,8.300000191
Isle of Man,IMN,1985,5.300000191
Isle of Man,IMN,1995,5.900000095
Isle of Man,IMN,2003,5.300000191
Isle of Man,IMN,2004,5.099999905
Israel,ISR,1970,8.9
Israel,ISR,1985,6.9
Israel,ISR,1986,7
Israel,ISR,1987,6.9
Israel,ISR,1988,7
Israel,ISR,1989,7.1
Israel,ISR,1990,6.8
Israel,ISR,1991,6.5
Israel,ISR,1992,6.4
Israel,ISR,1993,6.6
Israel,ISR,1994,6.7
Israel,ISR,1995,6.5
Israel,ISR,1996,6.3
Israel,ISR,1997,6.5
Israel,ISR,1998,6.7
Israel,ISR,1999,6.6
Israel,ISR,2000,6.4
Israel,ISR,2001,6.3
Israel,ISR,2002,6.2
Israel,ISR,2003,6.1
Israel,ISR,2004,5.9
Israel,ISR,2005,5.9
Israel,ISR,2006,6.3
Israel,ISR,2007,6.5
Israel,ISR,2008,6.8
Israel,ISR,2009,6.5
Israel,ISR,2010,6.3
Israel,ISR,2011,6.6
Israel,ISR,2012,6.4
Israel,ISR,2013,6.5
Israel,ISR,2014,6.2
Israel,ISR,2015,6.4
Israel,ISR,2016,6.2
Italy,ITA,1960,7.7
Italy,ITA,1961,7.9
Italy,ITA,1962,8
Italy,ITA,1963,8.2
Italy,ITA,1964,8.1
Italy,ITA,1965,7.7
Italy,ITA,1966,7.3
Italy,ITA,1967,7.2
Italy,ITA,1968,7
Italy,ITA,1969,7.2
Italy,ITA,1970,7.3
Italy,ITA,1971,7.5
Italy,ITA,1972,7.7
Italy,ITA,1973,7.6
Italy,ITA,1974,7.3
Italy,ITA,1975,6.7
Italy,ITA,1976,6.4
Italy,ITA,1977,6.2
Italy,ITA,1978,5.9
Italy,ITA,1979,5.8
Italy,ITA,1980,5.7
Italy,ITA,1981,5.6
Italy,ITA,1982,5.5
Italy,ITA,1983,5.4
Italy,ITA,1984,5.3
Italy,ITA,1985,5.3
Italy,ITA,1986,5.3
Italy,ITA,1987,5.4
Italy,ITA,1988,5.6
Italy,ITA,1989,5.7
Italy,ITA,1990,5.6
Italy,ITA,1991,5.5
Italy,ITA,1992,5.5
Italy,ITA,1993,5.3
Italy,ITA,1994,5.1
Italy,ITA,1995,5.1
Italy,ITA,1996,4.9
Italy,ITA,1997,4.9
Italy,ITA,1998,4.9
Italy,ITA,1999,4.9
Italy,ITA,2000,5
Italy,ITA,2001,4.6
Italy,ITA,2002,4.7
Italy,ITA,2003,4.6
Italy,ITA,2004,4.3
Italy,ITA,2005,4.3
Italy,ITA,2006,4.2
Italy,ITA,2007,4.3
Italy,ITA,2008,4.2
Italy,ITA,2009,3.9
Italy,ITA,2010,3.7
Italy,ITA,2011,3.4
Italy,ITA,2012,3.5
Italy,ITA,2013,3.2
Italy,ITA,2014,3.1
Italy,ITA,2015,3.2
Italy,ITA,2016,3.4
Italy,ITA,2017,3.2
Jamaica,JAM,1970,4.900000095
Jamaica,JAM,1985,5.099999905
Jamaica,JAM,1995,6.699999809
Jamaica,JAM,2005,9.800000191
Jamaica,JAM,2006,8.699999809
Japan,JPN,1960,9.3
Japan,JPN,1963,9.7
Japan,JPN,1964,9.9
Japan,JPN,1965,9.7
Japan,JPN,1966,9.5
Japan,JPN,1967,9.6
Japan,JPN,1968,9.5
Japan,JPN,1969,9.6
Japan,JPN,1970,10
Japan,JPN,1971,10.5
Japan,JPN,1972,10.4
Japan,JPN,1973,9.9
Japan,JPN,1974,9.1
Japan,JPN,1975,8.5
Japan,JPN,1976,7.8
Japan,JPN,1977,7.2
Japan,JPN,1978,6.9
Japan,JPN,1979,6.8
Japan,JPN,1980,6.7
Japan,JPN,1981,6.6
Japan,JPN,1982,6.6
Japan,JPN,1983,6.4
Japan,JPN,1984,6.2
Japan,JPN,1985,6.1
Japan,JPN,1986,5.9
Japan,JPN,1987,5.7
Japan,JPN,1988,5.8
Japan,JPN,1989,5.8
Japan,JPN,1990,5.9
Japan,JPN,1991,6
Japan,JPN,1992,6.1
Japan,JPN,1993,6.4
Japan,JPN,1994,6.3
Japan,JPN,1995,6.4
Japan,JPN,1996,6.4
Japan,JPN,1997,6.2
Japan,JPN,1998,6.3
Japan,JPN,1999,6.1
Japan,JPN,2000,6.4
Japan,JPN,2001,6.4
Japan,JPN,2002,6
Japan,JPN,2003,5.9
Japan,JPN,2004,5.7
Japan,JPN,2005,5.7
Japan,JPN,2006,5.8
Japan,JPN,2007,5.7
Japan,JPN,2008,5.8
Japan,JPN,2009,5.6
Japan,JPN,2010,5.5
Japan,JPN,2011,5.2
Japan,JPN,2012,5.3
Japan,JPN,2013,5.3
Japan,JPN,2014,5.1
Japan,JPN,2015,5.1
Japan,JPN,2016,5
Japan,JPN,2017,4.9
Jordan,JOR,1970,7.199999809
Jordan,JOR,1985,7.400000095
Jordan,JOR,1995,8.199999809
Jordan,JOR,2005,10.19999981
Jordan,JOR,2006,10.39999962
Kazakhstan,KAZ,1970,9.5
Kazakhstan,KAZ,1985,10.10000038
Kazakhstan,KAZ,1995,7.400000095
Kazakhstan,KAZ,2005,8.100000381
Kazakhstan,KAZ,2006,9
Kiribati,KIR,1970,6.800000191
Kosovo,OWID_KOS,2003,8.5
Kosovo,OWID_KOS,2004,8.4
Kosovo,OWID_KOS,2005,7.6
Kosovo,OWID_KOS,2006,7.5
Kosovo,OWID_KOS,2007,7.9
Kosovo,OWID_KOS,2008,8.3
Kosovo,OWID_KOS,2009,8.9
Kosovo,OWID_KOS,2011,9.3
Kosovo,OWID_KOS,2012,9.5
Kosovo,OWID_KOS,2015,9.1
Kosovo,OWID_KOS,2016,9
Kosovo,OWID_KOS,2017,9.6
Kuwait,KWT,1970,3.900000095
Kuwait,KWT,1985,5.699999809
Kuwait,KWT,1995,6
Kuwait,KWT,2005,4.599999905
Kuwait,KWT,2006,4.5
Kyrgyzstan,KGZ,1970,9.199999809
Kyrgyzstan,KGZ,1985,10.10000038
Kyrgyzstan,KGZ,1995,6
Kyrgyzstan,KGZ,2005,7.300000191
Kyrgyzstan,KGZ,2006,8.399999619
Latvia,LVA,1960,11
Latvia,LVA,1961,10.5
Latvia,LVA,1962,10
Latvia,LVA,1963,9.5
Latvia,LVA,1964,8.6
Latvia,LVA,1965,8.8
Latvia,LVA,1966,9.8
Latvia,LVA,1967,9.9
Latvia,LVA,1968,10.2
Latvia,LVA,1969,10
Latvia,LVA,1970,10.2
Latvia,LVA,1971,10
Latvia,LVA,1972,9.4
Latvia,LVA,1973,9.8
Latvia,LVA,1974,10
Latvia,LVA,1975,10
Latvia,LVA,1976,9.6
Latvia,LVA,1977,10
Latvia,LVA,1978,10.2
Latvia,LVA,1979,10
Latvia,LVA,1980,9.8
Latvia,LVA,1981,9.8
Latvia,LVA,1982,9.7
Latvia,LVA,1983,9.5
Latvia,LVA,1984,9.2
Latvia,LVA,1985,9.3
Latvia,LVA,1986,9.7
Latvia,LVA,1987,9.7
Latvia,LVA,1988,9.5
Latvia,LVA,1989,9.2
Latvia,LVA,1990,8.9
Latvia,LVA,1991,8.4
Latvia,LVA,1992,7.2
Latvia,LVA,1993,5.7
Latvia,LVA,1994,4.6
Latvia,LVA,1995,4.5
Latvia,LVA,1996,3.9
Latvia,LVA,1997,4
Latvia,LVA,1998,4
Latvia,LVA,1999,3.9
Latvia,LVA,2000,3.9
Latvia,LVA,2001,4
Latvia,LVA,2002,4.2
Latvia,LVA,2003,4.4
Latvia,LVA,2004,4.6
Latvia,LVA,2005,5.6
Latvia,LVA,2006,6.6
Latvia,LVA,2007,7
Latvia,LVA,2008,5.9
Latvia,LVA,2009,4.6
Latvia,LVA,2010,4.4
Latvia,LVA,2011,5.2
Latvia,LVA,2012,5.5
Latvia,LVA,2013,5.7
Latvia,LVA,2014,6.3
Latvia,LVA,2015,6.9
Latvia,LVA,2016,6.6
Latvia,LVA,2017,6.8
Lebanon,LBN,1970,7.900000095
Lebanon,LBN,1990,10.10000038
Lebanon,LBN,1995,8.800000191
Lebanon,LBN,2005,7.400000095
Lebanon,LBN,2006,7.199999809
Libya,LBY,1970,7.300000191
Libya,LBY,1985,4.900000095
Libya,LBY,1995,4.800000191
Libya,LBY,2001,5.300000191
Libya,LBY,2002,6
Liechtenstein,LIE,1960,5.7
Liechtenstein,LIE,1961,7.2
Liechtenstein,LIE,1962,6.7
Liechtenstein,LIE,1963,5.7
Liechtenstein,LIE,1964,7.6
Liechtenstein,LIE,1965,6.9
Liechtenstein,LIE,1966,6
Liechtenstein,LIE,1967,7
Liechtenstein,LIE,1968,7.4
Liechtenstein,LIE,1969,7.5
Liechtenstein,LIE,1970,5.9
Liechtenstein,LIE,1971,7.3
Liechtenstein,LIE,1972,6.8
Liechtenstein,LIE,1973,5.5
Liechtenstein,LIE,1974,5.7
Liechtenstein,LIE,1975,6.8
Liechtenstein,LIE,1976,6.9
Liechtenstein,LIE,1977,6
Liechtenstein,LIE,1978,6
Liechtenstein,LIE,1979,6.1
Liechtenstein,LIE,1980,7.1
Liechtenstein,LIE,1981,6.5
Liechtenstein,LIE,1982,6.4
Liechtenstein,LIE,1983,7
Liechtenstein,LIE,1984,7.3
Liechtenstein,LIE,1985,6.5
Liechtenstein,LIE,1986,5.4
Liechtenstein,LIE,1987,6
Liechtenstein,LIE,1988,6.4
Liechtenstein,LIE,1989,5.7
Liechtenstein,LIE,1990,5.6
Liechtenstein,LIE,1991,6.3
Liechtenstein,LIE,1992,14.2
Liechtenstein,LIE,1993,7.5
Liechtenstein,LIE,1994,13
Liechtenstein,LIE,1995,13.2
Liechtenstein,LIE,1996,14.1
Liechtenstein,LIE,1997,12.6
Liechtenstein,LIE,1999,7
Liechtenstein,LIE,2000,7.2
Liechtenstein,LIE,2001,6
Liechtenstein,LIE,2002,5.1
Liechtenstein,LIE,2003,4.4
Liechtenstein,LIE,2004,4.8
Liechtenstein,LIE,2005,5.4
Liechtenstein,LIE,2006,4.3
Liechtenstein,LIE,2007,5.2
Liechtenstein,LIE,2008,5.8
Liechtenstein,LIE,2009,4.3
Liechtenstein,LIE,2010,5
Liechtenstein,LIE,2011,4.5
Liechtenstein,LIE,2012,5
Lithuania,LTU,1960,10.1
Lithuania,LTU,1961,9.9
Lithuania,LTU,1962,9.3
Lithuania,LTU,1963,8.7
Lithuania,LTU,1964,8.6
Lithuania,LTU,1965,8.4
Lithuania,LTU,1966,9.2
Lithuania,LTU,1967,9.2
Lithuania,LTU,1968,9.5
Lithuania,LTU,1969,9.7
Lithuania,LTU,1970,9.5
Lithuania,LTU,1971,9.2
Lithuania,LTU,1972,8.8
Lithuania,LTU,1973,8.8
Lithuania,LTU,1974,8.8
Lithuania,LTU,1975,9
Lithuania,LTU,1976,9
Lithuania,LTU,1977,9.2
Lithuania,LTU,1978,9.1
Lithuania,LTU,1979,9.4
Lithuania,LTU,1980,9.2
Lithuania,LTU,1981,9.1
Lithuania,LTU,1982,9.4
Lithuania,LTU,1983,9.6
Lithuania,LTU,1984,9.7
Lithuania,LTU,1985,9.7
Lithuania,LTU,1986,9.9
Lithuania,LTU,1987,9.7
Lithuania,LTU,1988,9.6
Lithuania,LTU,1989,9.4
Lithuania,LTU,1990,9.8
Lithuania,LTU,1991,9.2
Lithuania,LTU,1992,8.1
Lithuania,LTU,1993,6.4
Lithuania,LTU,1994,6.4
Lithuania,LTU,1995,6.1
Lithuania,LTU,1996,5.7
Lithuania,LTU,1997,5.3
Lithuania,LTU,1998,5.2
Lithuania,LTU,1999,5.1
Lithuania,LTU,2000,4.8
Lithuania,LTU,2001,4.5
Lithuania,LTU,2002,4.7
Lithuania,LTU,2003,5
Lithuania,LTU,2004,5.7
Lithuania,LTU,2005,6
Lithuania,LTU,2006,6.5
Lithuania,LTU,2007,7.1
Lithuania,LTU,2008,7.5
Lithuania,LTU,2009,6.5
Lithuania,LTU,2010,6
Lithuania,LTU,2011,6.3
Lithuania,LTU,2012,6.9
Lithuania,LTU,2013,6.9
Lithuania,LTU,2014,7.6
Lithuania,LTU,2015,7.6
Lithuania,LTU,2016,7.4
Lithuania,LTU,2017,7.5
Luxembourg,LUX,1960,7.1
Luxembourg,LUX,1961,7
Luxembourg,LUX,1962,6.7
Luxembourg,LUX,1963,6.6
Luxembourg,LUX,1964,6.6
Luxembourg,LUX,1965,6.6
Luxembourg,LUX,1966,6.6
Luxembourg,LUX,1967,6.4
Luxembourg,LUX,1968,6.5
Luxembourg,LUX,1969,6.6
Luxembourg,LUX,1970,6.4
Luxembourg,LUX,1971,6.5
Luxembourg,LUX,1972,6.6
Luxembourg,LUX,1973,5.9
Luxembourg,LUX,1974,6.2
Luxembourg,LUX,1975,6.8
Luxembourg,LUX,1976,6.2
Luxembourg,LUX,1977,6.2
Luxembourg,LUX,1978,5.9
Luxembourg,LUX,1979,5.7
Luxembourg,LUX,1980,5.9
Luxembourg,LUX,1981,5.4
Luxembourg,LUX,1982,5.7
Luxembourg,LUX,1983,5.4
Luxembourg,LUX,1984,5.4
Luxembourg,LUX,1985,5.4
Luxembourg,LUX,1986,5.1
Luxembourg,LUX,1987,5.3
Luxembourg,LUX,1988,5.6
Luxembourg,LUX,1989,5.8
Luxembourg,LUX,1990,6.1
Luxembourg,LUX,1991,6.7
Luxembourg,LUX,1992,6.4
Luxembourg,LUX,1993,6
Luxembourg,LUX,1994,5.8
Luxembourg,LUX,1995,5.1
Luxembourg,LUX,1996,5.1
Luxembourg,LUX,1997,4.8
Luxembourg,LUX,1998,4.8
Luxembourg,LUX,1999,4.9
Luxembourg,LUX,2000,4.9
Luxembourg,LUX,2001,4.5
Luxembourg,LUX,2002,4.5
Luxembourg,LUX,2003,4.4
Luxembourg,LUX,2004,4.4
Luxembourg,LUX,2005,4.4
Luxembourg,LUX,2006,4.1
Luxembourg,LUX,2007,4.1
Luxembourg,LUX,2008,3.9
Luxembourg,LUX,2009,3.5
Luxembourg,LUX,2010,3.5
Luxembourg,LUX,2011,3.3
Luxembourg,LUX,2012,3.4
Luxembourg,LUX,2013,3.2
Luxembourg,LUX,2014,3
Luxembourg,LUX,2015,3.6
Luxembourg,LUX,2016,3.2
Luxembourg,LUX,2017,3.2
Macao,MAC,1970,0.699999988
Macao,MAC,1985,11.19999981
Macao,MAC,1995,5.199999809
Macao,MAC,2005,3.700000048
Macao,MAC,2006,4.199999809
Madagascar,MDG,1970,2.5
Maldives,MDV,1972,35
Maldives,MDV,1986,9.600000381
Maldives,MDV,1995,20.39999962
Maldives,MDV,2004,11.69999981
Maldives,MDV,2005,16.70000076
Mali,MLI,1987,4.400000095
Malta,MLT,1960,6
Malta,MLT,1961,6
Malta,MLT,1962,5.8
Malta,MLT,1963,6.3
Malta,MLT,1964,6.4
Malta,MLT,1965,6.2
Malta,MLT,1966,6.2
Malta,MLT,1967,6.5
Malta,MLT,1968,7
Malta,MLT,1969,7.2
Malta,MLT,1970,7.9
Malta,MLT,1971,8.9
Malta,MLT,1972,9.7
Malta,MLT,1973,11
Malta,MLT,1974,11.6
Malta,MLT,1975,9.2
Malta,MLT,1976,9.6
Malta,MLT,1977,9.9
Malta,MLT,1978,9.2
Malta,MLT,1979,8.6
Malta,MLT,1980,8.8
Malta,MLT,1981,9
Malta,MLT,1982,8.6
Malta,MLT,1983,8.4
Malta,MLT,1984,8
Malta,MLT,1985,7.6
Malta,MLT,1986,7.7
Malta,MLT,1987,7.1
Malta,MLT,1988,7.3
Malta,MLT,1989,7.1
Malta,MLT,1990,7.1
Malta,MLT,1991,7.1
Malta,MLT,1992,6.6
Malta,MLT,1993,6.8
Malta,MLT,1994,6.7
Malta,MLT,1995,6.1
Malta,MLT,1996,6.2
Malta,MLT,1997,6.4
Malta,MLT,1998,6.5
Malta,MLT,1999,6.4
Malta,MLT,2000,6.7
Malta,MLT,2001,5.6
Malta,MLT,2002,5.7
Malta,MLT,2003,5.9
Malta,MLT,2004,6
Malta,MLT,2005,5.9
Malta,MLT,2006,6.3
Malta,MLT,2007,6.1
Malta,MLT,2008,6.1
Malta,MLT,2009,5.7
Malta,MLT,2010,6.3
Malta,MLT,2011,6.2
Malta,MLT,2012,6.7
Malta,MLT,2013,6.1
Malta,MLT,2014,6.6
Malta,MLT,2015,6.7
Malta,MLT,2016,6.7
Malta,MLT,2017,6.3
Marshall Islands,MHL,1994,3.400000095
Martinique,MTQ,1970,5.400000095
Martinique,MTQ,1985,3.900000095
Martinique,MTQ,1997,4.099999905
Martinique,MTQ,2005,3.700000048
Martinique,MTQ,2006,3.700000048
Mauritius,MUS,1988,11
Mauritius,MUS,1995,9.5
Mauritius,MUS,2005,9.100000381
Mauritius,MUS,2006,9.199999809
Mexico,MEX,1970,7
Mexico,MEX,1980,7.1
Mexico,MEX,1985,7.4
Mexico,MEX,1990,7.4
Mexico,MEX,1991,7.4
Mexico,MEX,1992,7.4
Mexico,MEX,1993,7.2
Mexico,MEX,1994,7.2
Mexico,MEX,1995,7
Mexico,MEX,1996,7
Mexico,MEX,1997,7.3
Mexico,MEX,1998,7.2
Mexico,MEX,1999,7.5
Mexico,MEX,2000,7
Mexico,MEX,2001,6.5
Mexico,MEX,2002,6
Mexico,MEX,2003,5.6
Mexico,MEX,2004,5.7
Mexico,MEX,2005,5.6
Mexico,MEX,2006,5.4
Mexico,MEX,2007,5.4
Mexico,MEX,2008,5.3
Mexico,MEX,2009,5
Mexico,MEX,2010,5
Mexico,MEX,2011,4.9
Mexico,MEX,2012,5
Mexico,MEX,2013,4.9
Mexico,MEX,2014,4.8
Mexico,MEX,2015,4.6
Mexico,MEX,2016,4.4
Mexico,MEX,2017,4.3
Moldova,MDA,2004,7
Moldova,MDA,2005,7.6
Moldova,MDA,2006,7.6
Moldova,MDA,2007,8.2
Moldova,MDA,2008,7.5
Moldova,MDA,2009,7.5
Moldova,MDA,2010,7.4
Moldova,MDA,2011,7.3
Moldova,MDA,2012,6.8
Moldova,MDA,2013,6.9
Moldova,MDA,2014,7.2
Monaco,MCO,1970,6.900000095
Monaco,MCO,1983,7.199999809
Monaco,MCO,1995,6
Monaco,MCO,2004,5.2
Monaco,MCO,2005,5
Mongolia,MNG,1970,3.200000048
Mongolia,MNG,1985,9.300000191
Mongolia,MNG,1995,6.800000191
Mongolia,MNG,2005,5.900000095
Mongolia,MNG,2007,15.69999981
Montenegro,MNE,1970,7.800000191
Montenegro,MNE,1985,7.199999809
Montenegro,MNE,1995,6
Montenegro,MNE,2005,5.4
Montenegro,MNE,2006,5.6
Montenegro,MNE,2007,6.5
Montenegro,MNE,2008,5.6
Montenegro,MNE,2009,6.1
Montenegro,MNE,2010,5.9
Montenegro,MNE,2012,5.3
Montenegro,MNE,2013,6.2
Montenegro,MNE,2014,5.7
Montenegro,MNE,2015,6.2
Montenegro,MNE,2016,5.1
Montenegro,MNE,2017,5.3
Montserrat,MSR,1970,3.5
Montserrat,MSR,1985,4.599999905
Montserrat,MSR,1995,5.199999809
Montserrat,MSR,1998,2.5
Montserrat,MSR,1999,4
Mozambique,MOZ,1970,1
Nauru,NRU,1968,5.400000095
Nauru,NRU,1976,6
Nauru,NRU,1995,5.699999809
Netherlands,NLD,1960,7.7
Netherlands,NLD,1961,7.9
Netherlands,NLD,1962,7.9
Netherlands,NLD,1963,7.9
Netherlands,NLD,1964,8.5
Netherlands,NLD,1965,8.8
Netherlands,NLD,1966,9
Netherlands,NLD,1967,9.1
Netherlands,NLD,1968,9.2
Netherlands,NLD,1969,9.1
Netherlands,NLD,1970,9.5
Netherlands,NLD,1971,9.3
Netherlands,NLD,1972,8.8
Netherlands,NLD,1973,8
Netherlands,NLD,1974,8.1
Netherlands,NLD,1975,7.3
Netherlands,NLD,1976,7
Netherlands,NLD,1977,6.7
Netherlands,NLD,1978,6.4
Netherlands,NLD,1979,6.1
Netherlands,NLD,1980,6.4
Netherlands,NLD,1981,6
Netherlands,NLD,1982,5.8
Netherlands,NLD,1983,5.4
Netherlands,NLD,1984,5.6
Netherlands,NLD,1985,5.7
Netherlands,NLD,1986,6
Netherlands,NLD,1987,6
Netherlands,NLD,1988,6
Netherlands,NLD,1989,6.2
Netherlands,NLD,1990,6.5
Netherlands,NLD,1991,6.4
Netherlands,NLD,1992,6.2
Netherlands,NLD,1993,5.8
Netherlands,NLD,1994,5.4
Netherlands,NLD,1995,5.3
Netherlands,NLD,1996,5.5
Netherlands,NLD,1997,5.4
Netherlands,NLD,1998,5.5
Netherlands,NLD,1999,5.7
Netherlands,NLD,2000,5.5
Netherlands,NLD,2001,5
Netherlands,NLD,2002,5.2
Netherlands,NLD,2003,4.9
Netherlands,NLD,2004,4.4
Netherlands,NLD,2005,4.4
Netherlands,NLD,2006,4.4
Netherlands,NLD,2007,4.3
Netherlands,NLD,2008,4.5
Netherlands,NLD,2009,4.4
Netherlands,NLD,2010,4.5
Netherlands,NLD,2011,4.3
Netherlands,NLD,2012,4.2
Netherlands,NLD,2013,3.8
Netherlands,NLD,2014,3.9
Netherlands,NLD,2015,3.8
Netherlands,NLD,2016,3.8
Netherlands,NLD,2017,3.8
Netherlands Antilles,ANT,1970,9.100000381
Netherlands Antilles,ANT,1987,6.900000095
Netherlands Antilles,ANT,1995,5.5
Netherlands Antilles,ANT,2005,4.800000191
Netherlands Antilles,ANT,2006,5.800000191
New Caledonia,NCL,1970,9.199999809
New Caledonia,NCL,1985,5.099999905
New Caledonia,NCL,1995,4.5
New Caledonia,NCL,2005,4
New Caledonia,NCL,2006,3.900000095
New Zealand,NZL,1960,8
New Zealand,NZL,1961,8
New Zealand,NZL,1962,7.9
New Zealand,NZL,1963,7.8
New Zealand,NZL,1964,8
New Zealand,NZL,1965,8.2
New Zealand,NZL,1966,8.6
New Zealand,NZL,1967,8.6
New Zealand,NZL,1968,8.7
New Zealand,NZL,1969,9
New Zealand,NZL,1970,9.2
New Zealand,NZL,1971,9.5
New Zealand,NZL,1972,9.2
New Zealand,NZL,1973,8.8
New Zealand,NZL,1974,8.4
New Zealand,NZL,1975,7.9
New Zealand,NZL,1976,7.7
New Zealand,NZL,1977,7.2
New Zealand,NZL,1978,7.1
New Zealand,NZL,1979,7.1
New Zealand,NZL,1980,7.3
New Zealand,NZL,1981,7.5
New Zealand,NZL,1982,8
New Zealand,NZL,1983,7.7
New Zealand,NZL,1984,7.8
New Zealand,NZL,1985,7.5
New Zealand,NZL,1986,7.3
New Zealand,NZL,1987,7.4
New Zealand,NZL,1988,7.1
New Zealand,NZL,1989,6.8
New Zealand,NZL,1990,6.9
New Zealand,NZL,1991,6.3
New Zealand,NZL,1992,5.9
New Zealand,NZL,1993,5.8
New Zealand,NZL,1994,5.7
New Zealand,NZL,1995,5.6
New Zealand,NZL,1996,5.5
New Zealand,NZL,1997,5.3
New Zealand,NZL,1998,5.3
New Zealand,NZL,1999,5.5
New Zealand,NZL,2000,5.4
New Zealand,NZL,2001,5.1
New Zealand,NZL,2002,5.2
New Zealand,NZL,2003,5.3
New Zealand,NZL,2004,5.1
New Zealand,NZL,2005,5
New Zealand,NZL,2006,5.2
New Zealand,NZL,2007,5.2
New Zealand,NZL,2008,5.2
New Zealand,NZL,2009,5.1
New Zealand,NZL,2010,4.9
New Zealand,NZL,2011,4.7
New Zealand,NZL,2012,4.7
New Zealand,NZL,2013,4.4
New Zealand,NZL,2014,4.4
New Zealand,NZL,2015,4.3
New Zealand,NZL,2016,4.3
New Zealand,NZL,2017,4.3
Nicaragua,NIC,1971,4.199999809
Nicaragua,NIC,1985,3.200000048
Nicaragua,NIC,1995,4.5
Nicaragua,NIC,2004,3.5
Nicaragua,NIC,2005,4.5
Niue,NIU,1970,3.400000095
Niue,NIU,1985,5.099999905
Niue,NIU,1995,3.099999905
Niue,NIU,2003,7
Niue,NIU,2004,8
Norfolk Island,NFK,1970,9.399999619
North Korea,PRK,1970,6.099999905
North Korea,PRK,1985,7.599999905
North Korea,PRK,1987,9.699999809
North Macedonia,MKD,1960,8.6
North Macedonia,MKD,1961,8.4
North Macedonia,MKD,1962,8.4
North Macedonia,MKD,1963,8.2
North Macedonia,MKD,1964,9.1
North Macedonia,MKD,1965,9
North Macedonia,MKD,1966,8.5
North Macedonia,MKD,1967,8.5
North Macedonia,MKD,1968,8.6
North Macedonia,MKD,1969,9
North Macedonia,MKD,1970,9
North Macedonia,MKD,1971,8.9
North Macedonia,MKD,1972,8.9
North Macedonia,MKD,1973,8.9
North Macedonia,MKD,1974,8.7
North Macedonia,MKD,1975,8.9
North Macedonia,MKD,1976,8.4
North Macedonia,MKD,1977,8.6
North Macedonia,MKD,1978,8.6
North Macedonia,MKD,1979,8.7
North Macedonia,MKD,1980,8.5
North Macedonia,MKD,1981,8.5
North Macedonia,MKD,1982,8.6
North Macedonia,MKD,1983,8.3
North Macedonia,MKD,1984,8.1
North Macedonia,MKD,1985,8.1
North Macedonia,MKD,1986,8
North Macedonia,MKD,1987,8.1
North Macedonia,MKD,1988,7.8
North Macedonia,MKD,1989,8
North Macedonia,MKD,1990,8.3
North Macedonia,MKD,1991,8.1
North Macedonia,MKD,1992,7.7
North Macedonia,MKD,1993,7.5
North Macedonia,MKD,1994,8.1
North Macedonia,MKD,1995,8.1
North Macedonia,MKD,1996,7.1
North Macedonia,MKD,1997,7
North Macedonia,MKD,1998,7
North Macedonia,MKD,1999,7
North Macedonia,MKD,2000,7
North Macedonia,MKD,2001,6.5
North Macedonia,MKD,2002,7.1
North Macedonia,MKD,2003,7.1
North Macedonia,MKD,2004,6.9
North Macedonia,MKD,2005,7.1
North Macedonia,MKD,2006,7.3
North Macedonia,MKD,2007,7.6
North Macedonia,MKD,2008,7.2
North Macedonia,MKD,2009,7.3
North Macedonia,MKD,2010,6.9
North Macedonia,MKD,2011,7.2
North Macedonia,MKD,2012,6.8
North Macedonia,MKD,2013,6.8
North Macedonia,MKD,2014,6.7
North Macedonia,MKD,2015,6.8
North Macedonia,MKD,2016,6.4
North Macedonia,MKD,2017,6.6
Northern Mariana Islands,MNP,1983,18
Northern Mariana Islands,MNP,1985,13.80000019
Northern Mariana Islands,MNP,1989,17.39999962
Norway,NOR,1960,6.6
Norway,NOR,1961,6.7
Norway,NOR,1962,6.6
Norway,NOR,1963,6.6
Norway,NOR,1964,6.8
Norway,NOR,1965,6.5
Norway,NOR,1966,7.4
Norway,NOR,1967,7.7
Norway,NOR,1968,7.7
Norway,NOR,1969,7.7
Norway,NOR,1970,7.6
Norway,NOR,1971,7.6
Norway,NOR,1972,7.3
Norway,NOR,1973,7.1
Norway,NOR,1974,6.9
Norway,NOR,1975,6.5
Norway,NOR,1976,6.3
Norway,NOR,1977,5.9
Norway,NOR,1978,5.8
Norway,NOR,1979,5.7
Norway,NOR,1980,5.4
Norway,NOR,1981,5.4
Norway,NOR,1982,5.3
Norway,NOR,1983,5
Norway,NOR,1984,5
Norway,NOR,1985,4.9
Norway,NOR,1986,4.9
Norway,NOR,1987,5
Norway,NOR,1988,5.2
Norway,NOR,1989,4.9
Norway,NOR,1990,5.2
Norway,NOR,1991,4.7
Norway,NOR,1992,4.5
Norway,NOR,1993,4.5
Norway,NOR,1994,4.8
Norway,NOR,1995,5
Norway,NOR,1996,5.3
Norway,NOR,1997,5.4
Norway,NOR,1998,5.3
Norway,NOR,1999,5.3
Norway,NOR,2000,5
Norway,NOR,2001,4.4
Norway,NOR,2002,4.5
Norway,NOR,2003,4.9
Norway,NOR,2004,4.1
Norway,NOR,2005,4.8
Norway,NOR,2006,4.7
Norway,NOR,2007,5
Norway,NOR,2008,5.3
Norway,NOR,2009,5
Norway,NOR,2010,4.8
Norway,NOR,2011,4.6
Norway,NOR,2012,4.8
Norway,NOR,2013,4.7
Norway,NOR,2014,4.6
Norway,NOR,2015,4.5
Norway,NOR,2016,4.5
Norway,NOR,2017,4.4
Palestine,PSE,1996,7.5
Palestine,PSE,2005,7.699999809
Palestine,PSE,2006,7.300000191
Panama,PAN,1970,5.099999905
Panama,PAN,1985,5.699999809
Panama,PAN,1995,3.299999952
Panama,PAN,2005,3.299999952
Panama,PAN,2006,3.299999952
Paraguay,PRY,1970,5.300000191
Paraguay,PRY,1985,5
Paraguay,PRY,1994,5
Paraguay,PRY,2004,3.099999905
Paraguay,PRY,2005,3.400000095
Peru,PER,1970,3.900000095
Peru,PER,1982,6
Peru,PER,1993,4.099999905
Peru,PER,1997,2.799999952
Peru,PER,1998,2.400000095
Philippines,PHL,1970,7
Philippines,PHL,1985,7
Philippines,PHL,1995,7.300000191
Philippines,PHL,2004,7
Philippines,PHL,2005,6.099999905
Pitcairn,PCN,1972,23.79999924
Pitcairn,PCN,1992,37
Poland,POL,1960,8.2
Poland,POL,1961,7.9
Poland,POL,1962,7.5
Poland,POL,1963,7.2
Poland,POL,1964,7.4
Poland,POL,1965,6.4
Poland,POL,1966,7.1
Poland,POL,1967,7.4
Poland,POL,1968,8
Poland,POL,1969,8.3
Poland,POL,1970,8.6
Poland,POL,1971,8.9
Poland,POL,1972,9.3
Poland,POL,1973,9.4
Poland,POL,1974,9.5
Poland,POL,1975,9.7
Poland,POL,1976,9.5
Poland,POL,1977,9.4
Poland,POL,1978,9.4
Poland,POL,1979,9
Poland,POL,1980,8.6
Poland,POL,1981,9
Poland,POL,1982,8.7
Poland,POL,1983,8.4
Poland,POL,1984,7.7
Poland,POL,1985,7.2
Poland,POL,1986,6.9
Poland,POL,1987,6.7
Poland,POL,1988,6.5
Poland,POL,1989,6.7
Poland,POL,1990,6.7
Poland,POL,1991,6.1
Poland,POL,1992,5.7
Poland,POL,1993,5.4
Poland,POL,1994,5.4
Poland,POL,1995,5.4
Poland,POL,1996,5.3
Poland,POL,1997,5.3
Poland,POL,1998,5.4
Poland,POL,1999,5.7
Poland,POL,2000,5.5
Poland,POL,2001,5.1
Poland,POL,2002,5
Poland,POL,2003,5.1
Poland,POL,2004,5
Poland,POL,2005,5.4
Poland,POL,2006,5.9
Poland,POL,2007,6.5
Poland,POL,2008,6.8
Poland,POL,2009,6.6
Poland,POL,2010,6
Poland,POL,2011,5.4
Poland,POL,2012,5.4
Poland,POL,2013,4.7
Poland,POL,2014,5
Poland,POL,2015,5
Poland,POL,2016,5.1
Poland,POL,2017,5.1
Portugal,PRT,1960,7.8
Portugal,PRT,1961,8.8
Portugal,PRT,1962,7.9
Portugal,PRT,1963,7.9
Portugal,PRT,1964,8.1
Portugal,PRT,1965,8.4
Portugal,PRT,1966,8.6
Portugal,PRT,1967,8.9
Portugal,PRT,1968,8.7
Portugal,PRT,1969,9
Portugal,PRT,1970,9.4
Portugal,PRT,1971,9.7
Portugal,PRT,1972,9
Portugal,PRT,1973,9.8
Portugal,PRT,1974,9.3
Portugal,PRT,1975,11.3
Portugal,PRT,1976,10.9
Portugal,PRT,1977,9.7
Portugal,PRT,1978,8.5
Portugal,PRT,1979,8.3
Portugal,PRT,1980,7.4
Portugal,PRT,1981,7.7
Portugal,PRT,1982,7.4
Portugal,PRT,1983,7.5
Portugal,PRT,1984,7
Portugal,PRT,1985,6.8
Portugal,PRT,1986,6.9
Portugal,PRT,1987,7.1
Portugal,PRT,1988,7.1
Portugal,PRT,1989,7.3
Portugal,PRT,1990,7.2
Portugal,PRT,1991,7.2
Portugal,PRT,1992,7
Portugal,PRT,1993,6.8
Portugal,PRT,1994,6.6
Portugal,PRT,1995,6.6
Portugal,PRT,1996,6.3
Portugal,PRT,1997,6.5
Portugal,PRT,1998,6.6
Portugal,PRT,1999,6.7
Portugal,PRT,2000,6.2
Portugal,PRT,2001,5.6
Portugal,PRT,2002,5.4
Portugal,PRT,2003,5.1
Portugal,PRT,2004,4.7
Portugal,PRT,2005,4.6
Portugal,PRT,2006,4.5
Portugal,PRT,2007,4.4
Portugal,PRT,2008,4.1
Portugal,PRT,2009,3.8
Portugal,PRT,2010,3.8
Portugal,PRT,2011,3.4
Portugal,PRT,2012,3.3
Portugal,PRT,2013,3.1
Portugal,PRT,2014,3
Portugal,PRT,2015,3.1
Portugal,PRT,2016,3.1
Portugal,PRT,2017,3.3
Puerto Rico,PRI,1970,10.89999962
Puerto Rico,PRI,1985,9
Puerto Rico,PRI,1996,8.800000191
Puerto Rico,PRI,2005,6
Puerto Rico,PRI,2006,5.800000191
Qatar,QAT,1977,3.099999905
Qatar,QAT,1985,3
Qatar,QAT,1995,2.799999952
Qatar,QAT,2005,3.400000095
Qatar,QAT,2006,3.700000048
Reunion,REU,1970,6.699999809
Reunion,REU,1985,5.800000191
Reunion,REU,1996,4.900000095
Reunion,REU,2005,4
Reunion,REU,2006,3.799999952
Romania,ROU,1960,10.7
Romania,ROU,1961,9.7
Romania,ROU,1962,9.9
Romania,ROU,1963,9.3
Romania,ROU,1964,9
Romania,ROU,1965,8.6
Romania,ROU,1966,8.9
Romania,ROU,1967,7.9
Romania,ROU,1968,7.4
Romania,ROU,1969,7
Romania,ROU,1970,7.2
Romania,ROU,1971,7.3
Romania,ROU,1972,7.6
Romania,ROU,1973,8.2
Romania,ROU,1974,8.3
Romania,ROU,1975,8.8
Romania,ROU,1976,9.1
Romania,ROU,1977,9.2
Romania,ROU,1978,9.2
Romania,ROU,1979,9
Romania,ROU,1980,8.2
Romania,ROU,1981,8.2
Romania,ROU,1982,7.7
Romania,ROU,1983,7.3
Romania,ROU,1984,7.2
Romania,ROU,1985,7.1
Romania,ROU,1986,7.3
Romania,ROU,1987,7.3
Romania,ROU,1988,7.5
Romania,ROU,1989,7.7
Romania,ROU,1990,8.3
Romania,ROU,1991,8
Romania,ROU,1992,7.7
Romania,ROU,1993,7.1
Romania,ROU,1994,6.8
Romania,ROU,1995,6.8
Romania,ROU,1996,6.6
Romania,ROU,1997,6.5
Romania,ROU,1998,6.5
Romania,ROU,1999,6.2
Romania,ROU,2000,6.1
Romania,ROU,2001,5.9
Romania,ROU,2002,5.9
Romania,ROU,2003,6.2
Romania,ROU,2004,6.7
Romania,ROU,2005,6.7
Romania,ROU,2006,6.9
Romania,ROU,2007,9.1
Romania,ROU,2008,7.3
Romania,ROU,2009,6.6
Romania,ROU,2010,5.7
Romania,ROU,2011,5.2
Romania,ROU,2012,5.4
Romania,ROU,2013,5.4
Romania,ROU,2014,5.9
Romania,ROU,2015,6.3
Romania,ROU,2016,6.8
Romania,ROU,2017,7.3
Russia,RUS,2004,6.8
Russia,RUS,2005,7.5
Russia,RUS,2006,7.8
Russia,RUS,2007,8.9
Russia,RUS,2008,8.3
Russia,RUS,2009,8.5
Russia,RUS,2010,8.5
Russia,RUS,2011,9.2
Rwanda,RWA,1970,1.700000048
Rwanda,RWA,1982,2.599999905
Saint Kitts and Nevis,KNA,1970,3
Saint Kitts and Nevis,KNA,1995,6.900000095
Saint Kitts and Nevis,KNA,2000,9.800000191
Saint Kitts and Nevis,KNA,2001,7.099999905
Saint Lucia,LCA,1970,3.200000048
Saint Lucia,LCA,1985,3.400000095
Saint Lucia,LCA,1995,3.400000095
Saint Lucia,LCA,2003,3.400000095
Saint Lucia,LCA,2004,2.799999952
Saint Pierre et Miquelon,,1970,5.900000095
Saint Pierre et Miquelon,,1984,5.300000191
Saint Pierre et Miquelon,,1996,4.5
Saint Vincent and the Grenadines,VCT,1970,4.300000191
Saint Vincent and the Grenadines,VCT,1986,4.099999905
Saint Vincent and the Grenadines,VCT,1995,4.800000191
Saint Vincent and the Grenadines,VCT,2004,5
Saint Vincent and the Grenadines,VCT,2005,5.599999905
Samoa,WSM,1970,5.300000191
Samoa,WSM,1983,4.5
Samoa,WSM,1996,6.199999809
Samoa,WSM,2000,6.800000191
Samoa,WSM,2001,4.599999905
San Marino,SMR,1970,10.5
San Marino,SMR,1985,9
San Marino,SMR,1995,8.699999809
San Marino,SMR,2004,7
San Marino,SMR,2005,7.5
San Marino,SMR,2007,6.9
San Marino,SMR,2008,6.4
San Marino,SMR,2011,6.3
San Marino,SMR,2012,6.1
Sao Tome and Principe,STP,1970,1.799999952
Sao Tome and Principe,STP,1985,0.699999988
Sao Tome and Principe,STP,1988,0.400000006
Saudi Arabia,SAU,1995,3.400000095
Saudi Arabia,SAU,2004,4.599999905
Saudi Arabia,SAU,2005,5.199999809
Serbia,SRB,1970,9.300000191
Serbia,SRB,1985,6.900000095
Serbia,SRB,1996,5.300000191
Serbia,SRB,2000,5.7
Serbia,SRB,2001,5.5
Serbia,SRB,2002,5.6
Serbia,SRB,2003,5.6
Serbia,SRB,2004,5.6
Serbia,SRB,2005,5.2
Serbia,SRB,2006,5.4
Serbia,SRB,2007,5.6
Serbia,SRB,2008,5.2
Serbia,SRB,2009,5
Serbia,SRB,2010,4.9
Serbia,SRB,2011,4.9
Serbia,SRB,2012,4.8
Serbia,SRB,2013,5.1
Serbia,SRB,2014,5.1
Serbia,SRB,2015,5.2
Serbia,SRB,2016,5.1
Serbia,SRB,2017,5.1
Seychelles,SYC,1970,4.800000191
Seychelles,SYC,1985,8.899999619
Seychelles,SYC,1995,11.69999981
Seychelles,SYC,2005,10.69999981
Seychelles,SYC,2007,12.69999981
Singapore,SGP,1970,7.400000095
Singapore,SGP,1985,8.600000381
Singapore,SGP,1994,7.199999809
Singapore,SGP,2005,5.400000095
Singapore,SGP,2006,5.400000095
Slovakia,SVK,1960,7.9
Slovakia,SVK,1961,7.5
Slovakia,SVK,1962,7.2
Slovakia,SVK,1963,7.2
Slovakia,SVK,1964,7
Slovakia,SVK,1965,7
Slovakia,SVK,1966,7
Slovakia,SVK,1967,7.6
Slovakia,SVK,1968,7.5
Slovakia,SVK,1969,7.7
Slovakia,SVK,1970,7.9
Slovakia,SVK,1971,8.4
Slovakia,SVK,1972,8.7
Slovakia,SVK,1973,9
Slovakia,SVK,1974,9
Slovakia,SVK,1975,9.2
Slovakia,SVK,1976,9.2
Slovakia,SVK,1977,9.2
Slovakia,SVK,1978,9
Slovakia,SVK,1979,8.6
Slovakia,SVK,1980,7.9
Slovakia,SVK,1981,7.8
Slovakia,SVK,1982,8
Slovakia,SVK,1983,7.9
Slovakia,SVK,1984,7.7
Slovakia,SVK,1985,7.5
Slovakia,SVK,1986,7.4
Slovakia,SVK,1987,7.4
Slovakia,SVK,1988,7.1
Slovakia,SVK,1989,6.9
Slovakia,SVK,1990,7.6
Slovakia,SVK,1991,6.2
Slovakia,SVK,1992,6.4
Slovakia,SVK,1993,5.8
Slovakia,SVK,1994,5.3
Slovakia,SVK,1995,5.1
Slovakia,SVK,1996,5.1
Slovakia,SVK,1997,5.2
Slovakia,SVK,1998,5.1
Slovakia,SVK,1999,5.1
Slovakia,SVK,2000,4.8
Slovakia,SVK,2001,4.4
Slovakia,SVK,2002,4.7
Slovakia,SVK,2003,4.8
Slovakia,SVK,2004,5.2
Slovakia,SVK,2005,4.9
Slovakia,SVK,2006,4.8
Slovakia,SVK,2007,5.1
Slovakia,SVK,2008,5.3
Slovakia,SVK,2009,4.9
Slovakia,SVK,2010,4.7
Slovakia,SVK,2011,4.7
Slovakia,SVK,2012,4.8
Slovakia,SVK,2013,4.7
Slovakia,SVK,2014,4.9
Slovakia,SVK,2015,5.3
Slovakia,SVK,2016,5.5
Slovakia,SVK,2017,5.8
Slovenia,SVN,1960,8.8
Slovenia,SVN,1961,9.1
Slovenia,SVN,1962,9.1
Slovenia,SVN,1963,8.8
Slovenia,SVN,1964,9
Slovenia,SVN,1965,9.2
Slovenia,SVN,1966,8.6
Slovenia,SVN,1967,8.3
Slovenia,SVN,1968,8.2
Slovenia,SVN,1969,8.2
Slovenia,SVN,1970,8.3
Slovenia,SVN,1971,8.2
Slovenia,SVN,1972,9
Slovenia,SVN,1973,8.9
Slovenia,SVN,1974,8.7
Slovenia,SVN,1975,8.6
Slovenia,SVN,1976,8.3
Slovenia,SVN,1977,8.2
Slovenia,SVN,1978,8.4
Slovenia,SVN,1979,7.6
Slovenia,SVN,1980,6.5
Slovenia,SVN,1981,6.4
Slovenia,SVN,1982,6.1
Slovenia,SVN,1983,6.2
Slovenia,SVN,1984,5.9
Slovenia,SVN,1985,5.4
Slovenia,SVN,1986,5.4
Slovenia,SVN,1987,5.2
Slovenia,SVN,1988,4.6
Slovenia,SVN,1989,4.9
Slovenia,SVN,1990,4.3
Slovenia,SVN,1991,4.1
Slovenia,SVN,1992,4.6
Slovenia,SVN,1993,4.5
Slovenia,SVN,1994,4.2
Slovenia,SVN,1995,4.1
Slovenia,SVN,1996,3.8
Slovenia,SVN,1997,3.8
Slovenia,SVN,1998,3.8
Slovenia,SVN,1999,3.9
Slovenia,SVN,2000,3.6
Slovenia,SVN,2001,3.5
Slovenia,SVN,2002,3.5
Slovenia,SVN,2003,3.4
Slovenia,SVN,2004,3.3
Slovenia,SVN,2005,2.9
Slovenia,SVN,2006,3.2
Slovenia,SVN,2007,3.2
Slovenia,SVN,2008,3.3
Slovenia,SVN,2009,3.2
Slovenia,SVN,2010,3.2
Slovenia,SVN,2011,3.2
Slovenia,SVN,2012,3.4
Slovenia,SVN,2013,3
Slovenia,SVN,2014,3.2
Slovenia,SVN,2015,3.1
Slovenia,SVN,2016,3.2
Slovenia,SVN,2017,3.1
South Africa,ZAF,1995,3.599999905
South Africa,ZAF,2004,3.700000048
South Africa,ZAF,2005,3.799999952
South Korea,KOR,1970,9.2
South Korea,KOR,1971,7.3
South Korea,KOR,1972,7.3
South Korea,KOR,1973,7.6
South Korea,KOR,1974,7.5
South Korea,KOR,1975,8
South Korea,KOR,1976,8
South Korea,KOR,1977,8.3
South Korea,KOR,1978,9.3
South Korea,KOR,1979,9.4
South Korea,KOR,1980,10.6
South Korea,KOR,1981,10.5
South Korea,KOR,1982,9.9
South Korea,KOR,1983,10.3
South Korea,KOR,1984,9.5
South Korea,KOR,1985,9.4
South Korea,KOR,1986,9.5
South Korea,KOR,1987,9.4
South Korea,KOR,1988,9.8
South Korea,KOR,1989,9.7
South Korea,KOR,1990,9.3
South Korea,KOR,1991,9.6
South Korea,KOR,1992,9.6
South Korea,KOR,1993,9
South Korea,KOR,1994,8.7
South Korea,KOR,1995,8.7
South Korea,KOR,1996,9.4
South Korea,KOR,1997,8.4
South Korea,KOR,1998,8
South Korea,KOR,1999,7.6
South Korea,KOR,2000,7
South Korea,KOR,2001,6.7
South Korea,KOR,2002,6.3
South Korea,KOR,2003,6.3
South Korea,KOR,2004,6.4
South Korea,KOR,2005,6.5
South Korea,KOR,2006,6.8
South Korea,KOR,2007,7
South Korea,KOR,2008,6.6
South Korea,KOR,2009,6.2
South Korea,KOR,2010,6.5
South Korea,KOR,2011,6.6
South Korea,KOR,2012,6.5
South Korea,KOR,2013,6.4
South Korea,KOR,2014,6
South Korea,KOR,2015,5.9
South Korea,KOR,2016,5.5
South Korea,KOR,2017,5.2
Spain,ESP,1960,7.8
Spain,ESP,1961,7.7
Spain,ESP,1962,7.6
Spain,ESP,1963,7.6
Spain,ESP,1964,7.4
Spain,ESP,1965,7.1
Spain,ESP,1966,7.1
Spain,ESP,1967,7.1
Spain,ESP,1968,7
Spain,ESP,1969,7.2
Spain,ESP,1970,7.3
Spain,ESP,1971,7.4
Spain,ESP,1972,7.6
Spain,ESP,1973,7.7
Spain,ESP,1974,7.6
Spain,ESP,1975,7.6
Spain,ESP,1976,7.3
Spain,ESP,1977,7.2
Spain,ESP,1978,7
Spain,ESP,1979,6.6
Spain,ESP,1980,5.9
Spain,ESP,1981,5.4
Spain,ESP,1982,5.1
Spain,ESP,1983,5.1
Spain,ESP,1984,5.2
Spain,ESP,1985,5.2
Spain,ESP,1986,5.4
Spain,ESP,1987,5.6
Spain,ESP,1988,5.7
Spain,ESP,1989,5.7
Spain,ESP,1990,5.7
Spain,ESP,1991,5.6
Spain,ESP,1992,5.6
Spain,ESP,1993,5.1
Spain,ESP,1994,5.1
Spain,ESP,1995,5.1
Spain,ESP,1996,4.9
Spain,ESP,1997,5
Spain,ESP,1998,5.2
Spain,ESP,1999,5.2
Spain,ESP,2000,5.4
Spain,ESP,2001,5.1
Spain,ESP,2002,5.1
Spain,ESP,2003,5
Spain,ESP,2004,5
Spain,ESP,2005,4.7
Spain,ESP,2006,4.5
Spain,ESP,2007,4.4
Spain,ESP,2008,4.2
Spain,ESP,2009,3.7
Spain,ESP,2010,3.6
Spain,ESP,2011,3.4
Spain,ESP,2012,3.5
Spain,ESP,2013,3.3
Spain,ESP,2014,3.4
Spain,ESP,2015,3.6
Spain,ESP,2016,3.7
Spain,ESP,2017,3.7
Sri Lanka,LKA,1970,6.900000095
Sri Lanka,LKA,1985,8
Sri Lanka,LKA,1995,9.399999619
Sri Lanka,LKA,2004,10.10000038
Sri Lanka,LKA,2005,10.19999981
Suriname,SUR,1980,6.699999809
Suriname,SUR,1989,5.400000095
Suriname,SUR,1995,5.5
Suriname,SUR,2004,4
Suriname,SUR,2005,4
Sweden,SWE,1960,6.7
Sweden,SWE,1961,7
Sweden,SWE,1962,7.1
Sweden,SWE,1963,7
Sweden,SWE,1964,7.6
Sweden,SWE,1965,7.8
Sweden,SWE,1966,7.8
Sweden,SWE,1967,7.2
Sweden,SWE,1968,6.6
Sweden,SWE,1969,6.1
Sweden,SWE,1970,5.4
Sweden,SWE,1971,4.9
Sweden,SWE,1972,4.8
Sweden,SWE,1973,4.7
Sweden,SWE,1974,5.5
Sweden,SWE,1975,5.4
Sweden,SWE,1976,5.4
Sweden,SWE,1977,4.9
Sweden,SWE,1978,4.6
Sweden,SWE,1979,4.5
Sweden,SWE,1980,4.5
Sweden,SWE,1981,4.5
Sweden,SWE,1982,4.5
Sweden,SWE,1983,4.3
Sweden,SWE,1984,4.4
Sweden,SWE,1985,4.6
Sweden,SWE,1986,4.6
Sweden,SWE,1987,4.9
Sweden,SWE,1988,5.2
Sweden,SWE,1989,12.8
Sweden,SWE,1990,4.7
Sweden,SWE,1991,4.3
Sweden,SWE,1992,4.3
Sweden,SWE,1993,3.9
Sweden,SWE,1994,3.9
Sweden,SWE,1995,3.799999952
Sweden,SWE,1996,3.8
Sweden,SWE,1997,3.7
Sweden,SWE,1998,3.6
Sweden,SWE,1999,4
Sweden,SWE,2000,4.5
Sweden,SWE,2001,4
Sweden,SWE,2002,4.3
Sweden,SWE,2003,4.4
Sweden,SWE,2004,4.8
Sweden,SWE,2005,4.9
Sweden,SWE,2006,5
Sweden,SWE,2008,5.5
Sweden,SWE,2009,5.1
Sweden,SWE,2010,5.3
Sweden,SWE,2011,5
Sweden,SWE,2012,5.3
Sweden,SWE,2013,5.4
Sweden,SWE,2014,5.5
Sweden,SWE,2015,5.3
Sweden,SWE,2016,5.4
Sweden,SWE,2017,5.2
Switzerland,CHE,1960,7.8
Switzerland,CHE,1961,7.8
Switzerland,CHE,1962,8
Switzerland,CHE,1963,7.7
Switzerland,CHE,1964,7.6
Switzerland,CHE,1965,7.7
Switzerland,CHE,1966,7.5
Switzerland,CHE,1967,7.6
Switzerland,CHE,1968,7.5
Switzerland,CHE,1969,7.6
Switzerland,CHE,1970,7.6
Switzerland,CHE,1971,7.2
Switzerland,CHE,1972,6.9
Switzerland,CHE,1973,6.5
Switzerland,CHE,1974,6.1
Switzerland,CHE,1975,5.6
Switzerland,CHE,1976,5.1
Switzerland,CHE,1977,5.3
Switzerland,CHE,1978,5.1
Switzerland,CHE,1979,5.4
Switzerland,CHE,1980,5.7
Switzerland,CHE,1981,5.6
Switzerland,CHE,1982,5.8
Switzerland,CHE,1983,5.9
Switzerland,CHE,1984,6
Switzerland,CHE,1985,6
Switzerland,CHE,1986,6.2
Switzerland,CHE,1987,6.6
Switzerland,CHE,1988,6.9
Switzerland,CHE,1989,6.8
Switzerland,CHE,1990,6.9
Switzerland,CHE,1991,7
Switzerland,CHE,1992,6.6
Switzerland,CHE,1993,6.2
Switzerland,CHE,1994,6.1
Switzerland,CHE,1995,5.8
Switzerland,CHE,1996,5.7
Switzerland,CHE,1997,5.5
Switzerland,CHE,1998,5.4
Switzerland,CHE,1999,5.7
Switzerland,CHE,2000,5.5
Switzerland,CHE,2001,5
Switzerland,CHE,2002,5.5
Switzerland,CHE,2003,5.5
Switzerland,CHE,2004,5.3
Switzerland,CHE,2005,5.4
Switzerland,CHE,2006,5.3
Switzerland,CHE,2007,5.3
Switzerland,CHE,2008,5.4
Switzerland,CHE,2009,5.4
Switzerland,CHE,2010,5.5
Switzerland,CHE,2011,5.3
Switzerland,CHE,2012,5.3
Switzerland,CHE,2013,4.9
Switzerland,CHE,2014,5.1
Switzerland,CHE,2015,5
Switzerland,CHE,2016,5
Switzerland,CHE,2017,4.8
Syria,SYR,1970,9.899999619
Syria,SYR,1985,8.899999619
Syria,SYR,1996,8.5
Syria,SYR,2005,10.69999981
Syria,SYR,2006,10.60000038
Tajikistan,TJK,1970,9.199999809
Tajikistan,TJK,1985,10.5
Tajikistan,TJK,1994,6.900000095
Tajikistan,TJK,2005,7.599999905
Tajikistan,TJK,2006,8.199999809
Thailand,THA,1970,4.300000191
Thailand,THA,1985,6.800000191
Thailand,THA,1995,8.199999809
Thailand,THA,2004,5.800000191
Thailand,THA,2005,5.5
Timor,TLS,1970,2.599999905
Timor,TLS,1992,1.600000024
Tokelau,TKL,1971,3.200000048
Tokelau,TKL,1983,2.5
Tonga,TON,1970,6.400000095
Tonga,TON,1985,7
Tonga,TON,1995,8.600000381
Tonga,TON,2002,7.599999905
Tonga,TON,2003,7.099999905
Trinidad and Tobago,TTO,1970,6.800000191
Trinidad and Tobago,TTO,1985,6.699999809
Trinidad and Tobago,TTO,1995,5.300000191
Trinidad and Tobago,TTO,2004,6.099999905
Trinidad and Tobago,TTO,2005,6.300000191
Tunisia,TUN,1970,6.699999809
Tunisia,TUN,1985,6.699999809
Tunisia,TUN,1995,6
Tunisia,TUN,2005,7.300000191
Tunisia,TUN,2006,8
Turkey,TUR,1970,3.299999952
Turkey,TUR,1980,8.2
Turkey,TUR,1985,7.199999809
Turkey,TUR,1996,7.599999905
Turkey,TUR,2003,7.1
Turkey,TUR,2004,9.2
Turkey,TUR,2005,9.5
Turkey,TUR,2006,9.2
Turkey,TUR,2007,9.1
Turkey,TUR,2008,9
Turkey,TUR,2009,8.2
Turkey,TUR,2010,8
Turkey,TUR,2011,8
Turkey,TUR,2012,8
Turkey,TUR,2013,7.9
Turkey,TUR,2014,7.8
Turkey,TUR,2015,7.7
Turkey,TUR,2016,7.5
Turkey,TUR,2017,7.1
Turkmenistan,TKM,1970,8.600000381
Turkmenistan,TKM,1979,10.19999981
Turkmenistan,TKM,1985,9.800000191
Turkmenistan,TKM,1998,5.400000095
Turks and Caicos Islands,TCA,1972,5.199999809
Turks and Caicos Islands,TCA,1985,5.300000191
Turks and Caicos Islands,TCA,1995,9.899999619
Turks and Caicos Islands,TCA,2004,21.20000076
Turks and Caicos Islands,TCA,2005,20
Ukraine,UKR,1970,9.899999619
Ukraine,UKR,1985,9.600000381
Ukraine,UKR,1995,8.399999619
Ukraine,UKR,2004,5.9
Ukraine,UKR,2005,7.1
Ukraine,UKR,2006,7.6
Ukraine,UKR,2007,9
Ukraine,UKR,2008,7
Ukraine,UKR,2009,6.9
Ukraine,UKR,2010,6.7
Ukraine,UKR,2011,7.8
Ukraine,UKR,2012,6.1
Ukraine,UKR,2013,6.7
Ukraine,UKR,2015,7
Ukraine,UKR,2016,5.4
Ukraine,UKR,2017,5.9
United Arab Emirates,ARE,1992,2.599999905
United Arab Emirates,ARE,1995,2.700000048
United Arab Emirates,ARE,2003,3.200000048
United Arab Emirates,ARE,2004,3.200000048
United Kingdom,GBR,1960,7.5
United Kingdom,GBR,1961,7.5
United Kingdom,GBR,1962,7.5
United Kingdom,GBR,1963,7.5
United Kingdom,GBR,1964,7.6
United Kingdom,GBR,1965,7.8
United Kingdom,GBR,1966,8
United Kingdom,GBR,1967,8
United Kingdom,GBR,1968,8.4
United Kingdom,GBR,1969,8.1
United Kingdom,GBR,1970,8.5
United Kingdom,GBR,1971,8.2
United Kingdom,GBR,1972,8.6
United Kingdom,GBR,1973,8.1
United Kingdom,GBR,1974,7.8
United Kingdom,GBR,1975,7.7
United Kingdom,GBR,1976,7.2
United Kingdom,GBR,1977,7.2
United Kingdom,GBR,1978,7.4
United Kingdom,GBR,1979,7.4
United Kingdom,GBR,1980,7.4
United Kingdom,GBR,1981,7.1
United Kingdom,GBR,1982,6.9
United Kingdom,GBR,1983,6.9
United Kingdom,GBR,1984,7
United Kingdom,GBR,1985,7
United Kingdom,GBR,1986,7
United Kingdom,GBR,1987,7
United Kingdom,GBR,1988,6.9
United Kingdom,GBR,1989,6.9
United Kingdom,GBR,1990,6.6
United Kingdom,GBR,1991,6.1
United Kingdom,GBR,1992,6.2
United Kingdom,GBR,1993,5.9
United Kingdom,GBR,1994,5.7
United Kingdom,GBR,1995,5.6
United Kingdom,GBR,1996,5.5
United Kingdom,GBR,1997,5.3
United Kingdom,GBR,1998,5.2
United Kingdom,GBR,1999,5.1
United Kingdom,GBR,2000,5.2
United Kingdom,GBR,2001,4.8
United Kingdom,GBR,2002,4.9
United Kingdom,GBR,2003,5.2
United Kingdom,GBR,2005,4.699999809
United Kingdom,GBR,2006,4.5
United Kingdom,GBR,2007,4.5
United Kingdom,GBR,2008,4.4
United Kingdom,GBR,2009,4.3
United Kingdom,GBR,2010,4.5
United Kingdom,GBR,2011,4.5
United Kingdom,GBR,2013,4.3
United Kingdom,GBR,2014,4.5
United Kingdom,GBR,2015,4.4
United Kingdom,GBR,2016,4.4
United States,USA,1920,12
United States,USA,1921,10.7
United States,USA,1922,10.3
United States,USA,1923,11
United States,USA,1924,10.4
United States,USA,1925,10.3
United States,USA,1926,10.2
United States,USA,1927,10.1
United States,USA,1928,9.8
United States,USA,1929,10.1
United States,USA,1930,9.2
United States,USA,1931,8.6
United States,USA,1932,7.9
United States,USA,1933,8.7
United States,USA,1934,10.3
United States,USA,1935,10.4
United States,USA,1936,10.7
United States,USA,1937,11.3
United States,USA,1938,10.3
United States,USA,1939,10.7
United States,USA,1940,12.1
United States,USA,1941,12.7
United States,USA,1942,13.2
United States,USA,1943,11.7
United States,USA,1944,10.9
United States,USA,1945,12.2
United States,USA,1946,16.4
United States,USA,1947,13.9
United States,USA,1948,12.4
United States,USA,1949,10.6
United States,USA,1950,11.1
United States,USA,1951,10.4
United States,USA,1952,9.9
United States,USA,1953,9.8
United States,USA,1954,9.2
United States,USA,1955,9.3
United States,USA,1956,9.5
United States,USA,1957,8.9
United States,USA,1958,8.4
United States,USA,1959,8.5
United States,USA,1960,8.5
United States,USA,1961,8.5
United States,USA,1962,8.5
United States,USA,1963,8.8
United States,USA,1964,9
United States,USA,1965,9.3
United States,USA,1966,9.5
United States,USA,1967,9.7
United States,USA,1968,10.4
United States,USA,1969,10.6
United States,USA,1970,10.6
United States,USA,1971,10.6
United States,USA,1972,10.9
United States,USA,1973,10.8
United States,USA,1974,10.5
United States,USA,1975,10
United States,USA,1976,9.9
United States,USA,1977,9.9
United States,USA,1978,10.3
United States,USA,1979,10.4
United States,USA,1980,10.6
United States,USA,1981,10.6
United States,USA,1982,10.6
United States,USA,1983,10.5
United States,USA,1984,10.5
United States,USA,1985,10.1
United States,USA,1986,10
United States,USA,1987,9.9
United States,USA,1988,9.7
United States,USA,1989,9.7
United States,USA,1990,9.8
United States,USA,1991,9.4
United States,USA,1992,9.3
United States,USA,1993,9
United States,USA,1994,9.1
United States,USA,1995,8.9
United States,USA,1996,8.800000191
United States,USA,1997,8.899999619
United States,USA,1998,8.399999619
United States,USA,1999,8.600000381
United States,USA,2000,8.300000191
United States,USA,2001,8.199999809
United States,USA,2002,7.800000191
United States,USA,2003,7.699999809
United States,USA,2004,7.800000191
United States,USA,2005,7.599999905
United States,USA,2006,7.5
United States,USA,2007,7.300000191
United States,USA,2008,7.099999905
United States,USA,2009,6.800000191
United States,USA,2010,6.800000191
United States,USA,2011,6.800000191
United States,USA,2012,6.800000191
United States,USA,2013,6.800000191
United States,USA,2014,6.900000095
United States,USA,2015,6.900000095
United States,USA,2016,7
United States,USA,2017,6.900000095
United States,USA,2018,6.5
United States Virgin Islands,VIR,1970,18.5
United States Virgin Islands,VIR,1985,17.70000076
United States Virgin Islands,VIR,1993,34.20000076
Uruguay,URY,1970,8.399999619
Uruguay,URY,1985,7.5
Uruguay,URY,1995,5.400000095
Uruguay,URY,2005,4
Uruguay,URY,2006,3.700000048
Uzbekistan,UZB,1970,9.100000381
Uzbekistan,UZB,1985,11
Uzbekistan,UZB,1995,7.5
Uzbekistan,UZB,2000,6.900000095
Uzbekistan,UZB,2001,6.800000191
Vatican,VAT,1970,3.099999905
Vatican,VAT,1975,1.399999976
Venezuela,VEN,1970,5.599999905
Venezuela,VEN,1985,5.5
Venezuela,VEN,1995,3.799999952
Venezuela,VEN,2005,3.200000048
Venezuela,VEN,2006,3.299999952
Vietnam,VNM,2002,11.80000019
Wallis and Futuna,WLF,1970,6.300000191
Western Sahara,ESH,1970,6.599999905
Yemen,YEM,2001,0.5
Yemen,YEM,2002,0.600000024